orig.ident	MUTATION	VAF	Mutations	VAFs	Mutation_Group
CH-20-004	TET2 R1516X (30%), TET2 Q659X (29%), SRSF2 P95H (3%)	30			SRSF2 TET2
CH-21-014	SRSF2 P95R (40%), TET2 L957Ifs*15 (51%)	51			SRSF2 TET2
CH-21-034	DNMT3A Q816X (8%)	8			DNMT3A
CH-21-046	DNMT3A W305X (24%)	24			DNMT3A
CH-21-033	TET2 (33%)	33			TET2
CH-21-006	DNMT3A R882H (13%)	13			DNMT3A
CH-21-008	none	0			none
CH-21-013	none	0			none
CH-21-037	TET2 (6.2%)	6.2			TET2
CH-21-031	none	0			none
CH-21-021	none	0			none
CH-21-001	DNMT3A R882C (13.3%)	13.3			DNMT3A
CH-20-002	DNMT3A R729W (4%), DNMT3A R736C (2%)	4			DNMT3A
CH-20-005	TET2 V1900F (2%)	2			TET2
CH-21-002	none	0			none
CH-21-017	DNMT3A R882H (20%), IDH2 R140Q (10%), TP53 R273C (5%)	20			DNMT3A IDH2 TP53
CH-21-028	none	0			none
CH-21-029	TET2 G68X (2%), ?ASXL1G645fs (9%)	2			?ASXL1G645fs TET2
CH-21-036	DNMT3A splice (7%)	7			DNMT3A
CH-21-073	SRSF2 (33%), TET2 Y1245Lfs*22 (27%), TET2 Q742X(42%)	42			SRSF2 TET2
CH-21-074	TET2 C1378Y (23%)	23			TET2
CH-21-077	DNMT3A R749C (9.1%)	9.1			DNMT3A
CH-21-079	DNMT3A M880V (5%)	5			DNMT3A
