,metacell
AAACCCACACGACTAT-1,0
AAACCCACAGCGCTTG-1,6
AAACCCAGTTGATCGT-1,25
AAACGAAGTAGCTCGC-1,23
AAACGCTAGGGCAGTT-1,18
AAACGCTCAGCAGGAT-1,1
AAACGCTTCGTGCACG-1,3
AAAGAACTCAAACTGC-1,21
AAAGAACTCCGTAATG-1,21
AAAGGATAGTCTGGTT-1,19
AAAGGGCAGGTCTACT-1,14
AAAGGTACAGTTGTCA-1,10
AAAGGTAGTGTTTACG-1,3
AAAGTCCCAGGAAGTC-1,1
AAAGTCCGTTTAGTCG-1,12
AAAGTCCGTTTGACAC-1,14
AAAGTCCTCACAATGC-1,9
AAAGTGAAGTTAGTGA-1,6
AAAGTGATCACGATCA-1,14
AAATGGAAGCTCTTCC-1,18
AAATGGATCGGTTAGT-1,9
AACAAAGCACCTCGTT-1,19
AACAAAGTCACCGGTG-1,5
AACAAAGTCTATCGCC-1,21
AACAACCCACCTCGTT-1,3
AACAAGAAGGCCTAAG-1,7
AACAAGAGTAAGGCCA-1,25
AACAAGAGTATTAAGG-1,16
AACAAGAGTCACCTTC-1,21
AACACACAGAGACAAG-1,21
AACACACCAACCCTCT-1,23
AACAGGGCACGGTCTG-1,18
AACAGGGGTATGTCTG-1,10
AACAGGGTCACCTTGC-1,17
AACAGGGTCGACGCTG-1,4
AACCAACGTGGAATGC-1,21
AACCACAAGCAGCGAT-1,5
AACCACACACAAATAG-1,1
AACCATGCACAAGTTC-1,9
AACCATGCATACTGAC-1,6
AACCCAACATTCTGTT-1,19
AACCCAATCAAAGACA-1,17
AACCTGACAACTGATC-1,0
AACCTGATCCGTCCTA-1,19
AACCTTTCATCGGAAG-1,8
AACGAAAGTATGTCAC-1,7
AACGAAAGTTTCCAAG-1,19
AACGGGACAGTAGATA-1,22
AACGTCACAAGCTGTT-1,1
AACGTCACAGATCACT-1,23
AACGTCATCGTGAGAG-1,20
AACTTCTCAGAACTCT-1,23
AACTTCTTCTGGCCTT-1,11
AAGAACAGTGGTCAAG-1,26
AAGACAACATCCGGCA-1,23
AAGACAAGTCAGGCAA-1,13
AAGACTCCAGAGTCTT-1,22
AAGACTCTCGACTCCT-1,21
AAGATAGAGGTGGGTT-1,4
AAGATAGCATCACAGT-1,3
AAGATAGGTCAACCTA-1,23
AAGCATCGTGCAACGA-1,24
AAGCATCTCCCTAGGG-1,7
AAGCCATGTGCTCCGA-1,20
AAGCGAGCACGGCGTT-1,15
AAGCGAGCATATGGCT-1,22
AAGCGTTCAACCCTCT-1,3
AAGCGTTTCGTGCACG-1,4
AAGGAATCATCCGTGG-1,4
AAGGAATGTACAAGTA-1,6
AAGGAATGTCACAGTT-1,4
AAGGAATGTGTTACAC-1,24
AAGGAATTCTAGCATG-1,16
AAGGAATTCTTACCGC-1,1
AAGGTAACACTGAGGA-1,20
AAGGTAACACTTCATT-1,21
AAGGTAACAGCAGACA-1,19
AAGGTAAGTTAGGGTG-1,4
AAGGTAATCCACTGGG-1,2
AAGGTAATCCTAGCGG-1,8
AAGTACCCATGGGAAC-1,9
AAGTACCCATTGAGGG-1,1
AAGTACCTCGAACGCC-1,18
AAGTCGTTCGCTACGG-1,10
AAGTTCGAGAATTGTG-1,25
AAGTTCGAGAGCCGTA-1,22
AAGTTCGAGCTAGAGC-1,26
AAGTTCGAGGAGTATT-1,7
AAGTTCGAGGTCGCCT-1,10
AATAGAGAGAAGTATC-1,25
AATCACGAGGTTATAG-1,20
AATCACGCAGAGGCAT-1,6
AATCACGGTACAGGTG-1,3
AATCACGGTTGGGATG-1,23
AATCACGTCAGCGCAC-1,0
AATCGACCAACTTGGT-1,3
AATCGACCAATTGCGT-1,2
AATCGACGTTCTTGTT-1,4
AATCGTGGTTCCACGG-1,7
AATGAAGAGGCAGCTA-1,6
AATGAAGAGGTTTACC-1,2
AATGAAGCAGTAGAAT-1,8
AATGAAGGTATCCTTT-1,12
AATGAAGGTTCGGTCG-1,23
AATGAAGTCATGGAGG-1,5
AATGACCAGCGAGAAA-1,0
AATGACCAGGCTTAGG-1,6
AATGACCGTGGCTGAA-1,3
AATGCCAAGAAGGGAT-1,2
AATGCCAAGGGCAACT-1,15
AATGCCACAATAGAGT-1,19
AATGCCACACATATCG-1,3
AATGGAACATCCGGTG-1,18
AATGGAAGTCGTCGGT-1,5
AATGGAATCACCTTAT-1,3
AATGGCTCAGGTGGAT-1,4
AATGGCTCATGACCCG-1,23
AATGGCTTCGTAACCA-1,14
AATTCCTAGTAAAGCT-1,15
AATTCCTTCCGATGCG-1,9
AATTTCCAGACCTGGA-1,20
AATTTCCAGATTCGAA-1,20
AATTTCCAGTTGTACC-1,18
AATTTCCGTTAGGGAC-1,25
ACAAAGAAGGTGATCG-1,1
ACAACCAAGATCGCTT-1,7
ACAACCACAACTTGGT-1,5
ACAACCACACCCTTGT-1,2
ACAACCACACTGAGGA-1,5
ACAACCAGTGAACTAA-1,7
ACAACCATCAAGCTGT-1,7
ACAACCATCGTCGCTT-1,9
ACAAGCTTCAGCAGAG-1,0
ACACAGTCAACCGGAA-1,2
ACACAGTGTAGGACCA-1,6
ACACAGTTCACCCATC-1,22
ACACAGTTCTATCGTT-1,26
ACACCAAAGTTGTCAC-1,17
ACACCAAGTTCCTAAG-1,6
ACACCAATCCGGCAAC-1,6
ACACTGAAGGTTAAAC-1,16
ACACTGATCGCTGTCT-1,19
ACAGCCGAGATGAACT-1,26
ACAGGGATCAACTGAC-1,10
ACATCCCCAAGCACCC-1,26
ACATCCCCAGGCACTC-1,18
ACATCCCTCACCATGA-1,9
ACATCGACAGTATTCG-1,6
ACATCGAGTGAGTTGG-1,10
ACATGCAAGTGGTTAA-1,26
ACATGCAGTTGGGATG-1,9
ACATGCAGTTGTGGAG-1,4
ACCAACAAGGGCAGGA-1,12
ACCAACATCTCAAAGC-1,7
ACCACAAAGAGTAACT-1,16
ACCACAAGTTGCCATA-1,4
ACCACAATCTTCGGTC-1,10
ACCATTTAGATGGCGT-1,1
ACCATTTCATACTTTC-1,15
ACCATTTGTGATCGTT-1,6
ACCCAAAAGATGTAGT-1,9
ACCCTCAAGATGGCAC-1,8
ACCCTCACACAAATAG-1,3
ACCCTCACACTTTAGG-1,12
ACCCTCACATCAACCA-1,10
ACCCTCACATCGCTAA-1,21
ACCCTCATCTTCTGTA-1,21
ACCCTTGAGGCAGTCA-1,8
ACCGTTCGTCTTGTCC-1,23
ACCGTTCTCGGCCAAC-1,12
ACCGTTCTCGGCCCAA-1,11
ACCTACCAGATTGCGG-1,11
ACCTACCAGCACTCCG-1,22
ACCTGTCAGATACATG-1,2
ACCTGTCAGGCGCTCT-1,9
ACCTGTCCAGGGACTA-1,18
ACGATCAGTCCGGCAT-1,3
ACGATCAGTTGTATGC-1,3
ACGATCATCCATACTT-1,15
ACGATGTAGTTGTAAG-1,21
ACGATGTTCCTACTGC-1,3
ACGATGTTCTGTCGCT-1,12
ACGCACGGTACCGTCG-1,25
ACGGAAGTCTGAGAGG-1,25
ACGGGTCAGCGGGTAT-1,15
ACGGGTCGTAGAGTTA-1,6
ACGGGTCTCCTTTAGT-1,8
ACGGTTACAAATTGCC-1,9
ACGGTTACACTCTGCT-1,17
ACGGTTAGTACACTCA-1,1
ACGTAACTCACCTGGG-1,24
ACGTACATCTCCGAGG-1,16
ACGTAGTCAGGTTCCG-1,5
ACGTAGTTCTATACTC-1,26
ACGTCCTCATTGTGCA-1,23
ACGTTCCCATCGATGT-1,16
ACGTTCCTCCACGAAT-1,3
ACGTTCCTCTACCTTA-1,9
ACTATCTAGATGGGCT-1,17
ACTATCTGTCTTGGTA-1,9
ACTATCTTCGTCACCT-1,1
ACTATGGAGGGTTGCA-1,11
ACTATGGCAAATCCCA-1,14
ACTATGGCATTCCTAT-1,1
ACTATGGTCCGTTGGG-1,9
ACTATTCCACAAGTGG-1,6
ACTATTCGTACTTGTG-1,16
ACTATTCTCATGAGTC-1,17
ACTATTCTCTCGACCT-1,1
ACTCTCGGTATCGCTA-1,6
ACTCTCGGTTCGGACC-1,4
ACTGATGCAGAAACCG-1,18
ACTGATGGTCGTCAGC-1,3
ACTGATGGTTGTGCAT-1,1
ACTGATGTCTGCTGAA-1,12
ACTGCAAGTACGTACT-1,9
ACTGCAATCGGAAACG-1,18
ACTGTCCAGGAAGTGA-1,18
ACTGTCCCATACACCA-1,16
ACTGTGACACCTCAGG-1,1
ACTGTGAGTCCACAGC-1,4
ACTTAGGCACCCTTAC-1,20
ACTTAGGCAGTGGCTC-1,4
ACTTAGGCATCCCGTT-1,22
ACTTAGGGTAGAGACC-1,10
ACTTATCAGATGCGAC-1,4
ACTTATCAGCAACTTC-1,10
ACTTATCGTCAAGCGA-1,6
ACTTATCGTTACCTGA-1,5
ACTTATCGTTTGATCG-1,11
ACTTCCGAGTTCGCAT-1,13
ACTTCCGCACGGGTAA-1,10
ACTTCCGTCCTTACCG-1,11
ACTTCGCGTCCGCAGT-1,1
ACTTCGCGTGCCTGAC-1,5
ACTTCGCGTTTCCCAC-1,0
ACTTCGCTCATAGACC-1,9
ACTTTCAAGCTCGTGC-1,10
ACTTTCACACTACTTT-1,0
ACTTTCAGTATGAAGT-1,19
ACTTTCAGTCGAAACG-1,22
ACTTTGTCACGACAAG-1,22
ACTTTGTGTCAAGCGA-1,2
ACTTTGTTCACAATGC-1,6
AGAAATGAGAATACAC-1,12
AGAAATGGTAGAAACT-1,23
AGAAATGGTTGTTTGG-1,8
AGAACAACACGCAAAG-1,10
AGAACAACAGAGGCTA-1,0
AGAACCTCATGGCACC-1,26
AGAACCTTCGAATCCA-1,22
AGAAGCGCAAAGCACG-1,19
AGAAGCGCATTCTCTA-1,7
AGAAGCGTCATCCCGT-1,13
AGAAGTAAGTGCAGGT-1,7
AGAAGTAGTTAAAGTG-1,24
AGAAGTAGTTTCTATC-1,9
AGAAGTATCGTGGACC-1,2
AGACAAAGTCAAGCCC-1,4
AGACAAAGTGCCAAGA-1,12
AGACAAATCTGTGCAA-1,24
AGACACTAGAGGTGCT-1,1
AGACACTGTCCGATCG-1,5
AGACAGGAGGCTTAAA-1,24
AGACCCGCACACGGTC-1,15
AGACCCGCATGACGTT-1,18
AGACCCGTCTATACGG-1,25
AGACTCAAGCAAGTCG-1,18
AGACTCAGTTGTAAAG-1,18
AGAGAATCAGCTTTCC-1,10
AGAGAATCATGTGTCA-1,6
AGAGAATGTCCGGTCA-1,6
AGAGAATTCCCTCAAC-1,21
AGAGAGCAGCCATATC-1,22
AGAGAGCCAACAACAA-1,13
AGAGCAGCAGAACCGA-1,12
AGATAGAAGTATCCTG-1,19
AGATAGACACTACCGG-1,9
AGATAGATCATGCATG-1,23
AGATCCACAATCTGCA-1,23
AGATCGTTCTCCTGAC-1,5
AGATGAAAGTCGTCTA-1,0
AGATGAACATACCAGT-1,4
AGATGAAGTTCTTGCC-1,21
AGATGAATCGAGATGG-1,20
AGATGAATCTCTCTTC-1,6
AGCATCAAGCCTGCCA-1,20
AGCATCAAGGGATCAC-1,20
AGCATCAAGTCGCTAT-1,17
AGCATCACACATTGTG-1,7
AGCATCATCGGCTTCT-1,24
AGCCAATCAAGTGACG-1,4
AGCCAATCAGCGACCT-1,24
AGCCAATCATCATCCC-1,10
AGCCAATTCACACCGG-1,13
AGCCACGAGCACTTTG-1,10
AGCCACGCAGCCGTCA-1,23
AGCCACGGTACGGTTT-1,20
AGCCAGCAGATCCTAC-1,25
AGCCAGCCAACAAGTA-1,4
AGCGATTCAAGAGTAT-1,4
AGCGATTCACTTGAAC-1,23
AGCGATTGTTAGGAGC-1,19
AGCGATTTCGTCAGAT-1,0
AGCGCCAAGACACACG-1,20
AGCGTATAGATACCAA-1,21
AGCGTATCATCCGATA-1,24
AGCGTATTCGTGCGAC-1,6
AGCTACAGTTCAGCTA-1,1
AGCTCAAAGTCCGTCG-1,22
AGCTCAAAGTCTAGAA-1,9
AGCTCAAGTCCCTGAG-1,9
AGCTTCCGTAACGTTC-1,19
AGGAAATAGCATAGGC-1,3
AGGAAATGTCCATAGT-1,16
AGGAATACAATTGCCA-1,2
AGGAATACAGAGGCTA-1,19
AGGAATAGTCGGATTT-1,15
AGGAATAGTCTAGGTT-1,11
AGGACGAAGTAGAGTT-1,26
AGGACGATCGTCAGAT-1,25
AGGACTTAGAGGTCGT-1,11
AGGACTTAGGCCTGCT-1,22
AGGACTTGTAAGGTCG-1,21
AGGAGGTAGATGCTGG-1,10
AGGAGGTAGCGCTTCG-1,5
AGGAGGTAGTAAGAGG-1,24
AGGAGGTGTATCTCTT-1,24
AGGAGGTGTGAGATCG-1,4
AGGAGGTTCGTGGGTC-1,26
AGGAGGTTCTCTGCCA-1,13
AGGATAAAGCCAAGTG-1,24
AGGATAAAGGTGCTGA-1,1
AGGATCTAGAACAAGG-1,6
AGGATCTCATTGAAGA-1,19
AGGATCTGTGGTCTAT-1,18
AGGATCTTCTTAGCTT-1,12
AGGCATTAGCAGCGAT-1,21
AGGCCACAGGACTGGT-1,2
AGGCCACTCATAGCAC-1,2
AGGCTGCAGCTAGATA-1,21
AGGCTGCCAGAGGCTA-1,5
AGGCTGCTCTAGTCAG-1,20
AGGGAGTAGGTGCCTC-1,18
AGGGAGTAGTCGAATA-1,19
AGGGCCTAGACGGTCA-1,4
AGGGCCTAGTTTCGAC-1,6
AGGGCCTCAATGAACA-1,10
AGGGCTCCATACTGAC-1,3
AGGGCTCGTCCGATCG-1,14
AGGGCTCGTGAAAGTT-1,22
AGGGCTCTCTGGAAGG-1,0
AGGGTCCAGTGGTGGT-1,9
AGGGTCCTCGGAGATG-1,2
AGGGTGAGTAAGATTG-1,25
AGGGTGAGTTAGGCCC-1,16
AGGGTTTCAGTCGAGA-1,22
AGGTAGGAGAGTACCG-1,9
AGGTAGGCATACCGTA-1,7
AGGTAGGGTAGCTGCC-1,7
AGGTCATGTCAGTTTG-1,10
AGGTCATGTCTCACGG-1,5
AGGTCTACATGACGTT-1,9
AGGTCTAGTATCGTAC-1,0
AGGTCTATCTGGGATT-1,16
AGGTGTTCAAACCGGA-1,14
AGGTGTTTCAGCCTCT-1,4
AGGTGTTTCCACACCT-1,7
AGTAACCAGCTTAAGA-1,22
AGTACCATCATGAAAG-1,3
AGTACCATCCCTGGTT-1,12
AGTAGTCCACGTACAT-1,5
AGTAGTCGTAGCGCTC-1,9
AGTAGTCGTGAATTAG-1,8
AGTCAACTCTCTAAGG-1,9
AGTCACACAGCATCTA-1,8
AGTCACATCATGTCTT-1,5
AGTCATGAGGTTCACT-1,22
AGTCATGCATGTTTGG-1,10
AGTCATGGTCGGTACC-1,8
AGTGACTGTCATCGGC-1,10
AGTGATCAGCCTTGAT-1,21
AGTGATCAGGGAGGTG-1,0
AGTGCCGCACGACCTG-1,15
AGTGCCGGTGCTCCGA-1,18
AGTGTTGAGTAGGGTC-1,21
AGTGTTGGTACATACC-1,23
AGTGTTGGTTCGTTCC-1,1
AGTTAGCAGAGTGAAG-1,6
AGTTAGCAGTACCATC-1,17
AGTTCCCAGGACTATA-1,11
AGTTCCCTCAGACATC-1,0
AGTTCCCTCATCGACA-1,20
AGTTCGAAGTCACAGG-1,7
AGTTCGAGTGGCGCTT-1,15
AGTTCGATCCTAAGTG-1,16
ATACCGACACACCTAA-1,9
ATACCGAGTACAGTAA-1,21
ATACCTTAGGCGAAGG-1,5
ATACCTTGTGAGGATC-1,7
ATACTTCGTCCCTGTT-1,9
ATAGACCCATGGAAGC-1,6
ATAGACCGTAGCGATG-1,4
ATAGAGAAGCCTAACT-1,21
ATAGGCTAGGTAGTCG-1,12
ATAGGCTCACCTGCGA-1,9
ATAGGCTCAGTAGATA-1,22
ATAGGCTGTACGTAGG-1,5
ATAGGCTTCGAAGAAT-1,12
ATATCCTCACACAGAG-1,10
ATATCCTGTGACACAG-1,10
ATCACAGAGCAGGCAT-1,5
ATCACGAAGTACTGGG-1,7
ATCACGAGTAGACACG-1,7
ATCACTTCAGTTAGGG-1,19
ATCACTTCATGAGTAA-1,5
ATCACTTGTAACACGG-1,18
ATCAGGTGTACACTCA-1,14
ATCATTCCAGCTACTA-1,5
ATCATTCCAGGAACCA-1,2
ATCATTCGTAGTTAGA-1,23
ATCATTCTCGGACAAG-1,11
ATCCACCAGTAACGAT-1,26
ATCCACCCATAGATGA-1,25
ATCCATTTCACAACCA-1,19
ATCCATTTCTGAGCAT-1,16
ATCCCTGCAGCTACCG-1,20
ATCCCTGCAGTAGGAC-1,24
ATCCCTGTCAATCAGC-1,17
ATCCGTCCATGATGCT-1,2
ATCCGTCGTAGCACAG-1,9
ATCCGTCTCACGAGGA-1,12
ATCCTATAGAGGTGCT-1,21
ATCCTATCACTACAGT-1,6
ATCGATGCATAGGAGC-1,25
ATCGCCTCAATTTCTC-1,21
ATCGGATAGACGCTCC-1,23
ATCGGCGCATGTGGCC-1,5
ATCGGCGGTCGTTGGC-1,9
ATCGTAGAGGGCCTCT-1,22
ATCGTAGGTAATTGGA-1,20
ATCGTAGGTTACCGTA-1,26
ATCGTCCAGGGCAGAG-1,1
ATCGTCCGTACAAACA-1,10
ATCGTCCGTGGGCTTC-1,8
ATCGTGAGTAGTCCTA-1,5
ATCGTGAGTCACGACC-1,4
ATCGTGAGTGGATGAC-1,18
ATCTCTACATGAGAAT-1,22
ATCTTCACAGCCATTA-1,24
ATCTTCACAGGTTCCG-1,6
ATCTTCATCTACACTT-1,11
ATGAAAGTCACTCGAA-1,25
ATGACCAAGGAACGAA-1,9
ATGACCAAGGTGCTAG-1,3
ATGACCAGTAGAGCTG-1,25
ATGAGGGCAAGGTTGG-1,20
ATGAGGGCACCTCTAC-1,19
ATGAGGGGTGTGTCGC-1,0
ATGAGTCTCCATTGGA-1,15
ATGATCGGTGATAGAT-1,1
ATGATCGTCAATGCAC-1,13
ATGATCGTCTGTAACG-1,26
ATGCATGCAGTATTCG-1,23
ATGCCTCTCGATTTCT-1,12
ATGCGATAGTGGAAAG-1,11
ATGCGATGTATTGGCT-1,17
ATGCGATGTTAGGACG-1,14
ATGCGATTCTCGGTAA-1,14
ATGCGATTCTTCGTAT-1,4
ATGGAGGCAATACGAA-1,21
ATGGAGGGTCTACGTA-1,24
ATGGAGGGTTGCTCCT-1,16
ATGGAGGTCATTTGTC-1,1
ATGGATCCACAAGCCC-1,1
ATGGATCGTAAGTAGT-1,16
ATGGATCTCTCCCATG-1,14
ATGGGAGGTAAGTTGA-1,9
ATGGGAGGTACTCGAT-1,1
ATGGGAGTCAAGGTGG-1,10
ATGGGTTAGCGCATCC-1,3
ATGGGTTAGGTCGAGT-1,26
ATGGGTTTCAACCCGG-1,25
ATGGTTGAGTGAGTTA-1,12
ATGGTTGAGTTCCGGC-1,3
ATGGTTGCATCAGTCA-1,9
ATGGTTGTCATCCCGT-1,21
ATGGTTGTCCGATGCG-1,18
ATGGTTGTCTAAGAAG-1,13
ATGTCCCAGCCTGACC-1,1
ATGTCCCTCTCATGCC-1,10
ATTACCTCACAAATGA-1,6
ATTACCTCACCACTGG-1,5
ATTACCTCACTTGGCG-1,17
ATTACCTCAGGCCCTA-1,11
ATTACTCCAATACAGA-1,6
ATTCACTGTCCCGCAA-1,14
ATTCACTTCTGGCCAG-1,9
ATTCATCAGAAACCAT-1,19
ATTCATCAGGAAAGTG-1,22
ATTCATCCAAAGCAAT-1,19
ATTCATCCAATCGTCA-1,13
ATTCATCTCGTACACA-1,21
ATTCCATCAAATGCTC-1,6
ATTCCATCACATATGC-1,7
ATTCCATCACGTACTA-1,21
ATTCCCGCACTAGAGG-1,25
ATTCCCGCAGAGATGC-1,19
ATTCCCGTCAACTGGT-1,17
ATTCCTACACAGGATG-1,10
ATTCCTACAGCTATAC-1,8
ATTCCTATCCCGTAAA-1,13
ATTCTACAGATGACAT-1,1
ATTCTACCACCTAAAC-1,5
ATTCTACGTAACCCGC-1,4
ATTGGGTCATTGCTTT-1,26
ATTGGGTGTTGGTGTT-1,5
ATTGTTCAGCGCTGCT-1,2
ATTGTTCCAGCAGTAG-1,21
ATTGTTCGTCTACACA-1,2
ATTTACCCAATAGGAT-1,16
ATTTCACTCGCTAATG-1,7
ATTTCTGGTCGTTGGC-1,20
CAAAGAAAGTGCACAG-1,11
CAAAGAACAGGAAGTC-1,25
CAAAGAATCTTAGGAC-1,16
CAACAACAGAAGATCT-1,23
CAACAACAGCATGAAT-1,13
CAACAACAGGTCGTCC-1,10
CAACAGTCACCAGTAT-1,9
CAACAGTCAGGATGAC-1,23
CAACAGTCATCATTTC-1,6
CAACAGTGTCATAGTC-1,3
CAACAGTTCATACAGC-1,6
CAACAGTTCGATACGT-1,1
CAACAGTTCTATACTC-1,3
CAACCAACAGTTTCGA-1,4
CAACCAATCATGTCAG-1,2
CAACCAATCATTTCGT-1,6
CAACCAATCGCCTATC-1,7
CAACCTCAGTACCCTA-1,19
CAACCTCTCTGAGGCC-1,24
CAACGATCATATTCGG-1,5
CAACGATGTCATCTAG-1,18
CAACGGCCAACGAGGT-1,19
CAACGGCCACCCTAGG-1,8
CAAGACTAGCCATTTG-1,6
CAAGACTGTCCGGTCA-1,24
CAAGACTTCGTGTGAT-1,7
CAAGAGGAGACCATAA-1,25
CAAGAGGCATAGAAAC-1,4
CAAGAGGTCCTCTCGA-1,9
CAAGAGGTCGCCAGTG-1,22
CAAGCTACAGTCAACT-1,15
CAAGGGAAGACCTGGA-1,26
CAAGGGAAGTAATACG-1,14
CAAGGGAGTGACTCTA-1,11
CAATACGAGCGTCTCG-1,10
CAATACGGTCCAATCA-1,2
CAATCGACAGTACTAC-1,9
CAATGACGTCGTCATA-1,0
CAATGACGTTGTGGCC-1,4
CAATGACGTTTAGTCG-1,7
CAATTTCTCAGTCACA-1,26
CACAACACATCAGCAT-1,24
CACAACAGTGGAATGC-1,6
CACACAAAGCCAAGTG-1,16
CACAGATAGCGTGTTT-1,17
CACAGATGTCTGCATA-1,19
CACAGATGTGTATACC-1,24
CACAGGCAGTAGGCCA-1,16
CACAGGCCAACTTCTT-1,24
CACAGGCCAGAGTTGG-1,3
CACAGGCGTGGTCCGT-1,10
CACAGGCTCAGAGTGG-1,10
CACATGAAGAAGCGAA-1,4
CACATGAAGCATATGA-1,17
CACATGAGTCACCGCA-1,6
CACATGAGTTCACCGG-1,14
CACATGAGTTCCGCAG-1,9
CACCAAAAGGTATCTC-1,14
CACCAAATCACCTCGT-1,21
CACCGTTGTTGACTGT-1,2
CACCGTTTCCACGGAC-1,2
CACCGTTTCCTCTAAT-1,1
CACGAATGTCTGCGCA-1,1
CACGGGTTCATCGCCT-1,1
CACGTGGGTTAGAGTA-1,18
CACGTGGTCCGTATAG-1,1
CACGTTCAGCAATAGT-1,11
CACGTTCCACTAACCA-1,14
CACGTTCGTCCCTGTT-1,23
CACGTTCGTTGCATAC-1,20
CACTAAGTCCGATAAC-1,21
CACTAAGTCGTCGATA-1,10
CACTAAGTCTGCAGCG-1,19
CACTGAAAGGGAGATA-1,19
CACTGAAGTATCGCGC-1,10
CACTGAATCGCCTATC-1,18
CACTGGGAGTACGTCT-1,9
CACTGGGCAAGAAATC-1,15
CAGAGCCCAACGTAAA-1,16
CAGAGCCGTTCTCTCG-1,2
CAGAGCCTCCTCACTG-1,19
CAGATACTCAATCTCT-1,25
CAGATACTCACTTCTA-1,24
CAGATCAAGGTTACCT-1,18
CAGATCAAGTTCACTG-1,4
CAGATCACACGCTGTG-1,10
CAGATCATCATTACGG-1,20
CAGATCATCGCATTAG-1,19
CAGCAATAGATAGTGT-1,10
CAGCAATCAATGGCAG-1,21
CAGCAATGTGATTAGA-1,4
CAGCAATGTTGCTCAA-1,7
CAGCAGCCATGGCACC-1,12
CAGCCAGAGCTAGATA-1,3
CAGCCAGCATTCAGCA-1,5
CAGCCAGGTAGATGTA-1,9
CAGCCAGTCGGAAACG-1,25
CAGGCCAGTGATCATC-1,2
CAGGGCTAGACTTCAC-1,5
CAGGGCTAGCGACTTT-1,11
CAGGGCTCAACTCGTA-1,11
CAGGGCTCAATTGCTG-1,0
CAGGTATAGAAGTGTT-1,3
CAGGTATCACAGTGAG-1,11
CAGGTATGTATTTCCT-1,24
CAGGTATGTGCAAGAC-1,0
CAGGTATGTGTCATGT-1,1
CAGTTCCCACAACGAG-1,6
CAGTTCCGTAACTAAG-1,19
CATAAGCGTAGATTAG-1,22
CATACAGCAATTGAGA-1,9
CATACAGCACTAGAGG-1,25
CATACAGTCCTACACC-1,20
CATACCCCACAATCTG-1,2
CATACCCCACTACGGC-1,7
CATACCCCACTATGTG-1,1
CATACTTCAAGGTCAG-1,14
CATACTTGTTACTCAG-1,6
CATAGACTCGAGTGGA-1,21
CATCAAGGTCCTCATC-1,10
CATCAAGGTTCTAAGC-1,1
CATCAAGTCCATCACC-1,10
CATCCACAGACCAAAT-1,10
CATCCACGTTGGATCT-1,6
CATCCCAAGCACGTCC-1,21
CATCCCACATGGCTAT-1,25
CATCCCAGTATCGTAC-1,7
CATCCGTCACAACATC-1,6
CATCCGTGTGGGATTG-1,21
CATCGCTAGACCAGCA-1,24
CATCGGGAGGGCTGAT-1,10
CATCGGGCAAAGGATT-1,10
CATCGGGCACAGAGCA-1,16
CATCGGGGTATGAAAC-1,6
CATCGGGTCATCACCC-1,7
CATCGTCCAAAGCGTG-1,25
CATCGTCTCTGCCCTA-1,7
CATGAGTGTGACTCGC-1,14
CATGAGTTCCATCTGC-1,10
CATGCAACAACCAATC-1,24
CATGCAACACCTGTCT-1,9
CATGCCTAGGATATAC-1,21
CATGCCTGTCACGCTG-1,24
CATGCCTTCTCGTCAC-1,18
CATGCGGCAGAGACTG-1,3
CATGCGGCAGGTATGG-1,9
CATGCTCAGCTCTTCC-1,23
CATGCTCGTCTAACTG-1,23
CATGCTCGTTTCGTTT-1,16
CATGGATAGCAACTCT-1,1
CATGGATGTAACCAGG-1,14
CATGGATTCTTTCTAG-1,25
CATGGTACAGAATCGG-1,15
CATTCATTCGTACCTC-1,1
CATTCATTCTGCTTAT-1,17
CATTCCGGTCCTTAAG-1,21
CATTCCGGTGTCTAAC-1,15
CATTCCGTCTAACACG-1,2
CATTCTAGTAGATGTA-1,6
CATTGAGTCATGAGGG-1,15
CATTGCCCAAATAAGC-1,13
CATTGTTAGACCAGAC-1,1
CATTGTTAGCAAGGAA-1,1
CATTGTTGTTTGCAGT-1,20
CATTGTTTCAGTGCGC-1,2
CATTTCACAATAGAGT-1,22
CATTTCACAGATCACT-1,2
CATTTCACAGTCAGAG-1,8
CATTTCAGTCCCAAAT-1,12
CCAAGCGTCAGCCTCT-1,1
CCAATGACACGCTATA-1,13
CCAATGACAGGCTCTG-1,6
CCAATGACAGTTCTAG-1,5
CCAATGATCCAGTGCG-1,25
CCAATGATCTAGACCA-1,16
CCAATTTGTCGGCTAC-1,18
CCAATTTTCCGTAATG-1,24
CCACAAAGTTTAAGGA-1,6
CCACACTCAACCGCCA-1,3
CCACACTGTGCGAACA-1,9
CCACCATGTCTGTAAC-1,1
CCACGAGAGCCACTCG-1,22
CCACGAGCAAAGGAGA-1,1
CCACGAGTCACTGTCC-1,24
CCACGTTGTCTAGGCC-1,7
CCACTTGCAGTCCGTG-1,5
CCACTTGCATCCTCAC-1,3
CCACTTGGTGCGAACA-1,0
CCATAAGCATTAGGAA-1,4
CCATCACCACGCTGAC-1,16
CCATCACGTCCGAAAG-1,14
CCCATTGCATGGAATA-1,17
CCCATTGGTAAGCTCT-1,24
CCCATTGTCTGCGGAC-1,5
CCCGAAGGTGAGATAT-1,9
CCCGGAATCATCGGGC-1,15
CCCGGAATCGATGCAT-1,26
CCCTAACGTTTACGAC-1,20
CCCTAACTCTTTGCAT-1,26
CCCTCAATCTCGACGG-1,23
CCCTCTCCATGCCATA-1,9
CCCTCTCTCATTTACC-1,6
CCCTGATAGCCTCAAT-1,19
CCCTGATAGGTTTGAA-1,13
CCCTGATGTGTCCCTT-1,20
CCCTTAGGTAACGCGA-1,8
CCCTTAGGTGGCGCTT-1,12
CCGAACGAGCAGATAT-1,19
CCGAACGAGGACTAAT-1,3
CCGAACGAGTTGTAGA-1,22
CCGAACGGTGTGGACA-1,6
CCGAACGTCAACCTTT-1,13
CCGATCTAGGATATGT-1,16
CCGATCTCAACGATCT-1,9
CCGATGGAGAGCCGAT-1,12
CCGATGGCAGATCCAT-1,10
CCGATGGCATAGTCGT-1,14
CCGATGGGTAGCTCGC-1,11
CCGATGGTCAAGTCTG-1,19
CCGCAAGGTTCCAGGC-1,6
CCGGACAAGTAAGGGA-1,4
CCGGACAAGTATTCCG-1,7
CCGGACATCAGTCATG-1,23
CCGGACATCCGTGCGA-1,14
CCGGACATCGACTCCT-1,15
CCGGGTAAGCACTCAT-1,4
CCGGTAGCAGAGGCTA-1,8
CCGGTGAAGGTACATA-1,14
CCGTAGGAGTTGCATC-1,25
CCGTAGGGTGACACAG-1,6
CCGTGAGAGCCTCACG-1,1
CCGTGAGAGGGTGAAA-1,16
CCGTGAGAGTAATTGG-1,16
CCGTGAGCAGGTTCGC-1,11
CCGTGAGTCTTGGTGA-1,20
CCGTTCAAGCTGTGCC-1,1
CCTAACCCACCCTAAA-1,11
CCTAACCCACTGTGTA-1,17
CCTAACCGTAGGCAAC-1,12
CCTAACCTCATGGATC-1,24
CCTAAGAAGTCAGCCC-1,18
CCTAAGACAATTGGTC-1,3
CCTAAGACAGCGTATT-1,1
CCTAAGAGTCATCAGT-1,19
CCTAAGATCCATGATG-1,9
CCTAAGATCCATTGGA-1,22
CCTACGTTCCGTGACG-1,2
CCTATCGAGAAACTAC-1,25
CCTATCGTCGACCCAG-1,25
CCTCAACAGCTGTTCA-1,9
CCTCACAAGCGATTCT-1,1
CCTCACACAATAAGGT-1,11
CCTCACACACAGTATC-1,9
CCTCAGTCATGTACGT-1,13
CCTCAGTGTCGTATGT-1,6
CCTCATGCATTGGATC-1,2
CCTCATGTCGCGCCAA-1,10
CCTCCAAGTATGTCAC-1,9
CCTCCAATCGTGTCAA-1,3
CCTCCTCGTTCTCACC-1,20
CCTCTAGCATGTCTAG-1,13
CCTCTAGCATTCTTCA-1,9
CCTCTAGGTGCATACT-1,25
CCTGCATAGAGTTGTA-1,2
CCTGCATGTCGATGCC-1,4
CCTGCATTCGTTCAGA-1,22
CCTGTTGGTAGGGTAC-1,3
CCTGTTGGTTTGGCTA-1,8
CCTTCAGAGGCTAGCA-1,1
CCTTCAGCAAGTGGAC-1,26
CCTTGTGGTGTTATCG-1,24
CCTTTGGAGGGAGAAT-1,15
CCTTTGGGTCGATTTG-1,12
CCTTTGGGTCGCGGTT-1,9
CGAAGGAAGGTTTACC-1,8
CGAAGGACAGAGAATT-1,21
CGAAGTTAGACAACTA-1,5
CGAAGTTAGCCTTTCC-1,16
CGAAGTTAGCGCCTAC-1,3
CGAAGTTTCTCATGGA-1,20
CGAAGTTTCTCCACTG-1,11
CGAATTGGTGAGACCA-1,0
CGACAGCAGCTCTTCC-1,9
CGACAGCCACATCCCT-1,14
CGACAGCTCTACCTTA-1,6
CGAGAAGGTAGACACG-1,21
CGAGAAGTCCTTCACG-1,19
CGAGAAGTCTCGCAGG-1,14
CGAGGAAAGATCCTAC-1,2
CGAGGAAGTTTCGCTC-1,18
CGAGGCTAGATTCGAA-1,8
CGAGGCTTCTCGACCT-1,20
CGAGTGCGTCTCTCAC-1,16
CGATCGGAGCGCATCC-1,15
CGATCGGCACTGCGAC-1,13
CGATCGGCAGCTAACT-1,3
CGATCGGGTTGCCAAT-1,1
CGATGCGCATGACTAC-1,19
CGATGGCAGTTAGTAG-1,4
CGATGGCGTTACGCCG-1,3
CGCAGGTCATTGAAAG-1,6
CGCAGGTTCGCTACGG-1,16
CGCATAACACTGTGAT-1,10
CGCATGGCAGAACATA-1,5
CGCCAGAAGATCCCAT-1,0
CGCCAGAAGGCCCAAA-1,9
CGCCAGATCATTACTC-1,1
CGCCATTCATCGATGT-1,19
CGCGTGAAGGAACGTC-1,26
CGCGTGAGTGCTGCAC-1,9
CGGAACCCAGGACAGT-1,1
CGGAACCTCTACTATC-1,9
CGGAATTTCTCTGCCA-1,14
CGGAGAAAGTAGATCA-1,22
CGGAGAAAGTAGTCTC-1,8
CGGAGAATCCAACTGA-1,0
CGGCAGTAGAGGTATT-1,15
CGGGACTAGATTCGCT-1,3
CGGGACTGTGGGACAT-1,11
CGGGCATAGAAGGCTC-1,6
CGGGCATTCAAGGACG-1,3
CGGGTCAGTGTTCGAT-1,16
CGGGTCAGTTGTAAAG-1,9
CGGGTGTCATCTATCT-1,12
CGGTCAGTCAAGCGTT-1,1
CGTAAGTAGAGCATCG-1,18
CGTAAGTAGGAATGTT-1,13
CGTAAGTGTATCGAAA-1,19
CGTAAGTGTCTTACAG-1,22
CGTAAGTGTTAGGGAC-1,18
CGTAAGTTCGTCGACG-1,5
CGTAATGAGCACACCC-1,13
CGTAGTACACGCTGCA-1,10
CGTAGTATCGGCTTCT-1,11
CGTCAAACAGTAGGAC-1,21
CGTCAAATCTACGGTA-1,2
CGTCCATCAACAGCCC-1,15
CGTCCATCACAGCCTG-1,24
CGTCCATTCGCCAGAC-1,1
CGTGAATAGTCGTTAC-1,1
CGTGAATCAATTCACG-1,10
CGTGAATGTACCCGAC-1,21
CGTGAATGTGGGTCAA-1,7
CGTGAATGTTCCAGGC-1,3
CGTGAATTCATTCGTT-1,26
CGTGAATTCGAGTGAG-1,23
CGTGATAAGTCACGCC-1,10
CGTGATAGTACTAGCT-1,21
CGTGATAGTTGGAGAC-1,14
CGTGATATCGGTAAGG-1,6
CGTGCTTGTACCGCGT-1,11
CGTGCTTGTACTGAGG-1,6
CGTGTCTAGACCGCCT-1,9
CGTGTCTAGCCTATTG-1,7
CGTGTCTCAATCTAGC-1,0
CGTTCTGGTCATTCCC-1,6
CGTTCTGGTGTCCGTG-1,3
CGTTGGGAGTTCCGTA-1,8
CGTTGGGCACAAGTTC-1,4
CTAACCCGTCATAACC-1,5
CTAACCCGTGGGCTCT-1,9
CTAACCCTCCCATTTA-1,0
CTAACCCTCGAACGCC-1,26
CTAACCCTCGTGCGAC-1,22
CTAACTTCACCTTCCA-1,1
CTACAGACAGACCAAG-1,24
CTACCCAAGATCGCTT-1,19
CTACCCACAGCGGATA-1,14
CTACCCAGTGGATTTC-1,2
CTACCCAGTTGTAGCT-1,23
CTACCTGAGCGTTCCG-1,6
CTACCTGAGCTGGCCT-1,0
CTACCTGAGTGAGTTA-1,7
CTACCTGCAATGTGGG-1,17
CTACCTGTCAAATGAG-1,23
CTACGGGTCCCTGGTT-1,8
CTACGGGTCGCCATAA-1,3
CTACTATGTAGTTAGA-1,21
CTACTATGTTACGGAG-1,1
CTACTATTCTGTGTGA-1,8
CTAGACAAGGCCCACT-1,12
CTAGACACAGAGGGTT-1,7
CTAGACACATCACAGT-1,25
CTAGACACATTAAGCC-1,23
CTAGACAGTGAACGGT-1,23
CTAGACATCGAGCTGC-1,15
CTAGGTAGTACCGCGT-1,4
CTAGGTAGTGTGAGCA-1,14
CTAGGTATCCATATGG-1,10
CTATAGGAGAAATGGG-1,5
CTATAGGCAAGAGAGA-1,23
CTATCCGGTCACTGAT-1,3
CTATCCGGTCTTGAAC-1,9
CTCAACCAGATGGTCG-1,14
CTCAACCAGTCGGGAT-1,23
CTCAACCTCTCACCCA-1,17
CTCAAGAAGGTGCCAA-1,3
CTCAAGACATCCGATA-1,2
CTCAAGAGTGTTGATC-1,21
CTCAAGATCTCGGGAC-1,8
CTCAATTAGACCAGAC-1,18
CTCAATTAGTAAGGGA-1,9
CTCAATTGTAGATGTA-1,9
CTCACTGGTCCCGTGA-1,19
CTCACTGGTTAGAAAC-1,3
CTCACTGTCCATTCGC-1,3
CTCAGAAGTCATCTAG-1,13
CTCAGAAGTGTTGATC-1,6
CTCAGAATCGCATGAT-1,11
CTCAGAATCTATCGGA-1,7
CTCAGAATCTGTACAG-1,18
CTCAGGGAGATCCTAC-1,7
CTCAGGGAGCCGGATA-1,23
CTCAGGGCATAGGTAA-1,18
CTCAGTCGTTAACAGA-1,20
CTCATGCCACCACATA-1,18
CTCATTACATGTGACT-1,19
CTCATTATCAACCTTT-1,4
CTCCAACAGTCCCGAC-1,23
CTCCAACCATCGTGGC-1,22
CTCCAACTCAGGTAAA-1,23
CTCCAACTCGTAGTCA-1,4
CTCCACAGTAACACCT-1,19
CTCCATGAGAGTTCGG-1,12
CTCCATGGTAATCAAG-1,11
CTCCCAAGTATGTCCA-1,7
CTCCCTCGTGGCCCAT-1,0
CTCCCTCTCCTATTGT-1,11
CTCCCTCTCGGTAGGA-1,1
CTCCGATAGCCGATCC-1,9
CTCCGATTCTGCCCTA-1,16
CTCCTCCCATCCTTGC-1,2
CTCCTTTCAATGTCAC-1,17
CTCCTTTTCGAACTCA-1,12
CTCCTTTTCTCTAAGG-1,16
CTCTCAGCAATCGTCA-1,10
CTCTCAGCATGCCGGT-1,9
CTCTCAGGTAACAAGT-1,19
CTCTCGAAGGCCTGCT-1,10
CTCTCGACACTGGAAG-1,10
CTCTCGAGTGTGAGCA-1,19
CTCTGGTAGACTGAGC-1,26
CTCTGGTCAAGTCATC-1,1
CTGAATGAGGGCCCTT-1,24
CTGAATGGTGGCGCTT-1,10
CTGAGCGGTACAGGTG-1,3
CTGAGCGGTGCTTATG-1,2
CTGAGGCAGGTTCTAC-1,20
CTGAGGCCACTTACAG-1,2
CTGAGGCCAGCTACTA-1,21
CTGATCCAGGCTGTAG-1,8
CTGCAGGAGTAGTCTC-1,21
CTGCAGGCAGGAAGTC-1,3
CTGCAGGCATGGACAG-1,12
CTGCAGGGTATCAGCT-1,6
CTGCAGGTCCTTATGT-1,6
CTGCAGGTCGTCTAAG-1,14
CTGCATCAGTCCCAGC-1,17
CTGCATCCATGCCGAC-1,12
CTGCATCGTGGGCTCT-1,18
CTGCATCTCGCTAGCG-1,6
CTGCCATAGAGGCCAT-1,22
CTGCCATAGGCGTTAG-1,0
CTGCCATCAGATACTC-1,1
CTGCCTAAGGACAAGA-1,21
CTGCCTACACCTCTAC-1,8
CTGCCTATCTTGCAAG-1,23
CTGCGAGTCCAAACCA-1,25
CTGCGAGTCCGGCAAC-1,6
CTGCTCACAATTTCCT-1,14
CTGCTCATCCAAGAGG-1,8
CTGCTCATCGAATGCT-1,26
CTGGACGAGGGTATAT-1,23
CTGGACGAGGTAAGGA-1,6
CTGGACGCAATGCAAA-1,14
CTGGACGCAGCACGAA-1,7
CTGGTCTGTGCCTACG-1,7
CTGGTCTGTGGATTTC-1,2
CTGGTCTTCAAGGTGG-1,12
CTGTACCTCTCAAAGC-1,3
CTGTAGAAGCTCGAAG-1,13
CTGTATTAGTCTGTAC-1,4
CTGTATTCAGGAACCA-1,25
CTGTCGTCAAGGTCGA-1,0
CTGTCGTGTCCAGAAG-1,14
CTGTGAATCAACACGT-1,11
CTGTGGGAGAATCTAG-1,18
CTGTGGGGTCACTTAG-1,9
CTTACCGAGACTTCGT-1,2
CTTACCGCAAATGGTA-1,7
CTTACCGGTCAGTCGC-1,0
CTTACCGGTGGTAACG-1,14
CTTAGGAAGAAATTCG-1,23
CTTAGGAAGACGACGT-1,22
CTTAGGAGTATCGTAC-1,9
CTTCAATCACAGCTTA-1,21
CTTCAATCACTTACAG-1,8
CTTCAATTCATTCGTT-1,24
CTTCCGAGTACGACTT-1,13
CTTCCGAGTCGAATGG-1,7
CTTCCGATCCGTGGGT-1,16
CTTCCGATCGACTCCT-1,16
CTTCCGATCTTGAGCA-1,10
CTTCCTTAGACAGCGT-1,19
CTTCCTTCAGATGCGA-1,10
CTTCTAACAAGTGCAG-1,3
CTTCTAATCTACGCAA-1,16
CTTCTCTAGAGCATCG-1,19
CTTCTCTAGTATGGCG-1,22
CTTCTCTCAAGTGGTG-1,15
CTTCTCTCACGAGGAT-1,11
CTTGAGAAGACGTCCC-1,23
CTTGATTAGAATCTAG-1,9
CTTGATTCAACGATTC-1,15
CTTGATTCACGTCTCT-1,0
CTTTCAACACTTACAG-1,11
CTTTCAATCATTTCCA-1,24
CTTTCGGAGACGCCCT-1,14
CTTTCGGAGGCGTTGA-1,8
CTTTCGGAGTCAAGCG-1,8
GAAACCTGTCGCAGTC-1,7
GAAATGAAGCAGCACA-1,10
GAAATGAAGCCAACCC-1,4
GAACACTAGATCCCGC-1,2
GAACACTGTGGACTAG-1,26
GAACACTGTTTATGCG-1,17
GAACACTTCAAAGAAC-1,23
GAACTGTCACATCATG-1,20
GAAGCCCAGGGTCTTT-1,6
GAAGCCCCATCGGTTA-1,9
GAAGCGAAGGGCTAAC-1,2
GAAGCGATCGGCATCG-1,18
GAAGGACCAAGAGGTC-1,15
GAAGGACTCGTTGCCT-1,20
GAATAGACAGCGTTGC-1,26
GAATAGATCTCATAGG-1,11
GAATCGTGTGGTTTAC-1,6
GACACGCAGCAACCAG-1,19
GACACGCCAAGGCTTT-1,1
GACACGCCAGGTGAGT-1,3
GACACGCTCGCAGATT-1,7
GACATCACAGACAAGC-1,24
GACATCAGTCGCGGTT-1,10
GACCAATCATTGTACG-1,5
GACCAATTCGGCTCTT-1,0
GACCCAGAGGAGACCT-1,8
GACCCTTGTAGACAGC-1,15
GACCGTGAGACATCCT-1,26
GACCGTGAGCACTAAA-1,25
GACCGTGCAACCAATC-1,6
GACCGTGCAAGTTGGG-1,15
GACCTTCAGGAACGAA-1,26
GACCTTCAGGTCATCT-1,18
GACCTTCCACCAAATC-1,18
GACCTTCCACGCCACA-1,15
GACCTTCTCTCCACTG-1,6
GACCTTCTCTGCTGAA-1,6
GACGCTGCAATAACGA-1,8
GACGCTGCATACGCAT-1,3
GACGCTGGTCTAATCG-1,1
GACGTTAGTGATTAGA-1,19
GACTATGAGGGCAGTT-1,25
GACTATGCAAGACAAT-1,10
GACTATGGTACGGATG-1,7
GACTCAACACGGGCTT-1,21
GACTCAATCTTGGGCG-1,9
GACTCTCAGTCAGCCC-1,15
GACTCTCCATCCAACA-1,1
GACTCTCTCATGGTAC-1,11
GACTCTCTCCATTGTT-1,12
GACTCTCTCTGACAGT-1,24
GACTTCCAGTGCGACA-1,26
GACTTCCCACCAGCGT-1,13
GAGAAATAGCGAGAAA-1,24
GAGAAATCATCGCTCT-1,6
GAGAAATGTTACCCAA-1,11
GAGAAATGTTGCCTAA-1,14
GAGAAATGTTGTAGCT-1,21
GAGACCCTCCGCGATG-1,2
GAGACCCTCGTGGAAG-1,10
GAGACTTAGGTCATCT-1,17
GAGACTTGTTAGGGAC-1,17
GAGAGGTGTTAGAGAT-1,7
GAGCCTGGTCTCGACG-1,12
GAGCCTGTCTGCTCTG-1,22
GAGCTGCAGTGATCGG-1,22
GAGGCAACAGGTGTTT-1,1
GAGGCCTCACCTGATA-1,11
GAGGCCTGTACGGGAT-1,15
GAGGGATAGACCACGA-1,18
GAGGGATCAACTCATG-1,19
GAGGGATCAGCTCCTT-1,1
GAGGGTACAAGTATAG-1,19
GAGGGTACACTCTAGA-1,5
GAGGGTAGTCTTGGTA-1,9
GAGTCATAGCGAGTCA-1,25
GAGTCATCACTCAAGT-1,2
GAGTCATGTCGGCACT-1,13
GAGTCATTCCACAGCG-1,1
GAGTCATTCTTGGAAC-1,0
GAGTCTATCACACGAT-1,17
GAGTCTATCATGCTAG-1,5
GAGTGAGCACGGGTAA-1,1
GAGTGTTGTCGATTTG-1,21
GAGTTACAGCGAACTG-1,1
GAGTTACAGTCCGTCG-1,9
GAGTTACAGTTGCGCC-1,0
GAGTTGTGTCTAGATC-1,26
GAGTTGTTCGGACTGC-1,7
GAGTTGTTCTCAAAGC-1,5
GAGTTTGAGAGAACCC-1,17
GAGTTTGAGCTTCTAG-1,4
GAGTTTGTCCACAAGT-1,14
GATAGAACAGGACATG-1,10
GATAGAACAGGTCAAG-1,4
GATAGAAGTCAAAGCG-1,18
GATAGAAGTTCTAACG-1,26
GATAGAATCTCATTTG-1,4
GATAGCTAGGTTCTAC-1,3
GATAGCTCACCTCTGT-1,15
GATAGCTGTGTCTAAC-1,4
GATAGCTTCTGTCTCG-1,19
GATCACATCATCGTAG-1,26
GATCACATCTTACCAT-1,15
GATCAGTAGCATCAGG-1,12
GATCAGTCAGCCGGTT-1,21
GATCAGTCATAACCCA-1,5
GATCAGTGTTGACTGT-1,1
GATCATGCAGTCAGTT-1,6
GATCCCTAGGTCTGGA-1,21
GATCCCTCAATGGGTG-1,9
GATCCCTCAGCGTAGA-1,0
GATCCCTTCATCTCTA-1,17
GATCGTAAGAAACTGT-1,17
GATCGTACAAACACCT-1,1
GATGACTTCGCCTCTA-1,1
GATGACTTCGCGTCGA-1,4
GATGAGGAGTGACCTT-1,20
GATGAGGGTTAGGCTT-1,6
GATGAGGTCACTTTGT-1,14
GATGATCAGTACTCGT-1,23
GATGCTATCTGGTTGA-1,7
GATGGAGCAAGGAGTC-1,17
GATGGAGGTCTTCATT-1,12
GATGTTGTCTGTTGGA-1,4
GATTCGACATCTTCGC-1,1
GATTCGATCCATCAGA-1,22
GATTCTTGTGGCTCTG-1,21
GATTGGTCAGGACTAG-1,3
GCAACATAGACTTCCA-1,10
GCAACATAGGTTCAGG-1,1
GCAACATGTTGGGAAC-1,18
GCAACATTCTCAACCC-1,3
GCAACCGAGCGATGCA-1,17
GCAACCGCAAATGAAC-1,7
GCAACCGTCAAGTGGG-1,5
GCAACCGTCTTGAACG-1,10
GCACATACAATACCCA-1,22
GCACATACAGTTCACA-1,4
GCACATATCCCATAAG-1,1
GCACGGTAGATGCCGA-1,9
GCACGGTGTCCACACG-1,15
GCACGGTGTTCGGTAT-1,9
GCACGTGTCCCGTGAG-1,5
GCACGTGTCGCGCTGA-1,6
GCACTAAAGGACAACC-1,11
GCACTAACAACGGCTC-1,9
GCACTAAGTCTACGTA-1,6
GCACTAATCGGTCAGC-1,23
GCAGCCAAGGTGAGAA-1,11
GCAGGCTAGCCGAACA-1,20
GCAGGCTTCCGAACGC-1,1
GCAGTTACAATAACCC-1,4
GCAGTTATCTCTGACC-1,9
GCATCGGGTCCATCTC-1,4
GCATCTCGTAACATGA-1,18
GCATCTCTCCGAACGC-1,15
GCATGATAGCAGGCAT-1,13
GCATGATAGTGAATAC-1,19
GCATTAGCAGGAGACT-1,3
GCATTAGGTGTTTGCA-1,21
GCATTAGTCATTTGGG-1,7
GCATTAGTCGTGGCGT-1,9
GCCAACGAGTTGCGCC-1,3
GCCAACGGTGTGGTCC-1,24
GCCAACGTCTCTTGCG-1,26
GCCAGCAGTTCTCAGA-1,0
GCCAGCATCAGCACCG-1,19
GCCAGCATCGCCTCTA-1,8
GCCAGGTAGCTACAAA-1,14
GCCAGGTCACACTGGC-1,11
GCCAGGTGTGTCATCA-1,17
GCCAGGTTCCACAAGT-1,25
GCCAGTGTCTAGTGTG-1,1
GCCATGGAGTTGTCGT-1,8
GCCATGGCAATCTAGC-1,1
GCCATGGCAGCGCTTG-1,4
GCCATGGCATCCGGCA-1,21
GCCATTCCAACACACT-1,25
GCCATTCGTGATACAA-1,0
GCCCAGACACGGAAGT-1,21
GCCCGAACAGAGTAAT-1,21
GCCCGAATCTGATTCT-1,16
GCCGATGAGAGTGTTA-1,8
GCCGATGGTGTAGTGG-1,24
GCCTGTTAGTGGTTCT-1,8
GCCTGTTTCCATCTCG-1,9
GCGAGAACAGAAGTTA-1,2
GCGAGAACATCTCGTC-1,20
GCGAGAAGTCACCGAC-1,6
GCGAGAATCATTGCTT-1,14
GCGATCGTCTTTCCAA-1,4
GCGGAAACACTCCACT-1,8
GCGGATCAGAGTTCGG-1,22
GCGTGCAAGGTATTGA-1,1
GCGTTTCCACCTCTGT-1,25
GCTACAAAGTTACGGG-1,5
GCTACAATCCACGGAC-1,11
GCTACCTTCGCTACGG-1,14
GCTCAAATCCGTCCTA-1,16
GCTGAATCACAGGATG-1,14
GCTGAATCAGGCTTGC-1,3
GCTGAATGTGAGATTA-1,26
GCTGCAGCAAGCACAG-1,3
GCTGGGTAGTTCAACC-1,1
GCTGGGTCACCGTGAC-1,6
GCTGGGTTCATTCGTT-1,1
GCTGGGTTCCGTGGGT-1,17
GCTTCACAGAGGACTC-1,24
GCTTCACCAATTTCTC-1,6
GCTTCACTCGTGAGAG-1,9
GCTTTCGAGTCATCCA-1,11
GGAACCCAGACAACTA-1,26
GGAACCCGTCGAGCAA-1,26
GGAACCCGTTTACGAC-1,14
GGAAGTGAGGATACGC-1,2
GGAAGTGGTTGTTGAC-1,7
GGAAGTGTCCATGAGT-1,6
GGAAGTGTCGCTAAAC-1,6
GGAATCTAGTAGAGTT-1,18
GGAATCTCAAGTGTCT-1,16
GGAATCTTCGATGGAG-1,23
GGAATCTTCGTGGGTC-1,8
GGAATCTTCTATACTC-1,9
GGAATGGCAAATGAAC-1,22
GGAATGGTCTCCAATT-1,18
GGACGTCAGAGAGGTA-1,2
GGACGTCGTATTTCGG-1,20
GGACGTCTCAGCATTG-1,0
GGACGTCTCAGTGTCA-1,2
GGAGATGCACCTAAAC-1,9
GGAGATGTCGCCGAAC-1,21
GGAGCAAAGACCTCAT-1,1
GGAGCAATCTACAGGT-1,3
GGAGGATAGTGCGCTC-1,1
GGAGGATGTTCTCGCT-1,13
GGAGGTACAGGGACTA-1,3
GGAGGTAGTCACAGTT-1,12
GGATCTAAGTTACGGG-1,3
GGATCTAGTTCTCCAC-1,9
GGATCTATCAGGAACG-1,11
GGATCTATCGCTTGAA-1,0
GGATGTTAGAATTTGG-1,4
GGATGTTGTCGCTCGA-1,0
GGATGTTGTGGCAGAT-1,25
GGATGTTGTGTGTACT-1,14
GGATGTTTCAACTGAC-1,23
GGCACGTCAGATAAAC-1,14
GGCACGTGTGGTCTGC-1,20
GGCACGTTCATGACAC-1,3
GGCACGTTCCTTGAAG-1,7
GGCAGTCCACAATGAA-1,4
GGCAGTCTCACCGCTT-1,0
GGCAGTCTCTCCTGAC-1,3
GGCGTCACATGGGTCC-1,12
GGCGTCAGTGACGTCC-1,2
GGCTGTGCACAATCTG-1,0
GGCTGTGCACGTGAGA-1,17
GGCTGTGGTCGCACGT-1,20
GGCTGTGTCTTCCCAG-1,14
GGCTTGGAGGTTACAA-1,25
GGCTTGGCACCGCTGA-1,7
GGCTTGGTCAAGGCTT-1,4
GGCTTTCAGACTGTTC-1,11
GGCTTTCAGGTAGATT-1,20
GGCTTTCAGGTTGGAC-1,6
GGCTTTCGTCAAATCC-1,3
GGGAAGTAGGGTATAT-1,2
GGGACAAAGGAGAGGC-1,14
GGGACAACATAGGCGA-1,19
GGGACAATCTGCGGCA-1,20
GGGACAATCTGTCGCT-1,17
GGGACTCAGGGCAAGG-1,13
GGGACTCCAATAGAGT-1,26
GGGAGATAGCTAAATG-1,16
GGGAGATAGTTAGTGA-1,6
GGGAGTAAGATGCTAA-1,7
GGGAGTAAGGACACTG-1,12
GGGAGTACACACGTGC-1,13
GGGAGTATCCATCGTC-1,24
GGGAGTATCGTTCGCT-1,4
GGGATGATCTAATTCC-1,12
GGGCCATAGACAACTA-1,19
GGGCCATAGTGTCATC-1,22
GGGCCATTCATTCATC-1,22
GGGCTACAGAGCAACC-1,3
GGGCTACCAGGTGGAT-1,6
GGGCTACGTGAATGTA-1,20
GGGCTCATCCCTTGTG-1,6
GGGCTCATCCTTTAGT-1,1
GGGTAGAGTCTTTCTA-1,18
GGGTATTGTTTGCCGG-1,10
GGGTCACCAATAGGGC-1,9
GGGTCACCAGACCCGT-1,1
GGGTCACCAGTCACGC-1,14
GGGTCACCATGCCGCA-1,5
GGGTCACTCGCTAAAC-1,17
GGGTCTGAGAGATGCC-1,2
GGGTCTGCACACCTTC-1,8
GGGTGAAAGCCTATCA-1,21
GGGTGAAGTTACTCAG-1,8
GGGTTTACATAAGATG-1,8
GGTAACTCACTAAACC-1,9
GGTAACTGTCATCTAG-1,6
GGTAACTTCTGCATGA-1,23
GGTAACTTCTTCCGTG-1,25
GGTAATCCAAATCAAG-1,9
GGTAATCTCGTTAGTG-1,14
GGTAGAGTCTCCCATG-1,6
GGTCACGCAGAGTAAT-1,21
GGTCTGGCAGAGAGGG-1,8
GGTCTGGCATGCAGGA-1,7
GGTCTGGCATTCTGTT-1,9
GGTCTGGTCCTGGCTT-1,2
GGTGATTAGTATGACA-1,20
GGTGGCTAGATAGTGT-1,6
GGTGTCGAGGACTATA-1,0
GGTGTCGCAATTAGGA-1,6
GGTGTCGGTAACATAG-1,22
GGTGTCGTCGCGCCAA-1,11
GGTGTTAAGAACCCGA-1,6
GGTTAACCAAGGCCTC-1,4
GGTTAACCATGGCTAT-1,14
GGTTCTCGTAAGTAGT-1,20
GGTTCTCGTACGAGCA-1,1
GGTTCTCGTTACCCTC-1,6
GGTTCTCTCGTTGTTT-1,15
GGTTGTACAACGCCCA-1,12
GGTTGTAGTCGGATTT-1,16
GTAACACAGCTTACGT-1,6
GTAACACCACATACTG-1,4
GTAACCAAGAGCGACT-1,11
GTAACCACAGAAACCG-1,2
GTAACCACATGTCAGT-1,1
GTAACCATCTAGGCCG-1,21
GTAAGTCGTAAGAACT-1,12
GTAAGTCGTCGGTGTC-1,0
GTAAGTCTCCCTCTCC-1,9
GTAATCGGTAGATGTA-1,3
GTACAGTCAGCAGTGA-1,9
GTAGAAATCGCGTAGC-1,1
GTAGAGGAGGCCCAAA-1,14
GTAGAGGGTCGAGTTT-1,25
GTAGAGGGTGCCCTTT-1,6
GTAGCTACACTATCCC-1,6
GTAGGAGGTATGCTAC-1,2
GTAGGAGTCATGCATG-1,0
GTAGGTTAGCATTTGC-1,1
GTAGGTTAGCCTGAGA-1,4
GTAGTACCAACCGTAT-1,25
GTAGTACGTCCCGCAA-1,20
GTAGTACGTGCGAACA-1,24
GTATTGGAGAAGTGTT-1,12
GTATTGGGTAGGGTAC-1,9
GTATTTCGTTCTCTAT-1,7
GTCAAACTCCGGACGT-1,19
GTCAAACTCTATCGTT-1,22
GTCAAGTCACTCTCGT-1,14
GTCAAGTCAGCGCTTG-1,10
GTCACGGAGGGCAGGA-1,17
GTCACGGCAGCCGGTT-1,15
GTCACGGGTAGTCCTA-1,12
GTCACTCGTCGTTGCG-1,24
GTCACTCTCATAGACC-1,11
GTCACTCTCTTCACAT-1,1
GTCAGCGAGCAGCCTC-1,9
GTCATCCGTCACTCAA-1,12
GTCATGAGTCTACAAC-1,14
GTCCACTAGGACGCAT-1,11
GTCCACTTCCAACCGG-1,9
GTCCACTTCGATACGT-1,9
GTCCACTTCGGCCTTT-1,16
GTCCCATGTGGCATCC-1,20
GTCCTCAAGTCGTTAC-1,19
GTCCTCACAGCTGTAT-1,16
GTCCTCACATGAGAAT-1,15
GTCCTCACATGGTACT-1,17
GTCCTCATCAGTGTTG-1,5
GTCGAATCAAGGTCTT-1,13
GTCGCGAAGGGTAGCT-1,21
GTCGTAAAGGATGAGA-1,24
GTCGTAAGTGGTCAAG-1,6
GTCGTAAGTTGACTAC-1,15
GTCTACCCACGCGGTT-1,12
GTCTACCGTGAAAGTT-1,10
GTCTACCTCAACTGGT-1,5
GTCTAGAAGCACTCCG-1,18
GTCTAGAGTTGTTGCA-1,20
GTCTAGATCTTGCAGA-1,18
GTCTCACAGCACCGAA-1,15
GTCTCACTCTATCACT-1,23
GTCTGTCCAGCAGACA-1,13
GTCTGTCGTATTCCTT-1,11
GTCTGTCGTCACTCAA-1,0
GTCTGTCGTTCCGCAG-1,4
GTCTTTACAAATGAGT-1,19
GTCTTTACATCTGTTT-1,4
GTCTTTATCCCGATCT-1,11
GTCTTTATCTGAGTCA-1,23
GTGACGCGTTTACGTG-1,10
GTGACGCTCACGGGAA-1,6
GTGACGCTCTTGGTGA-1,19
GTGAGCCGTAGACACG-1,9
GTGAGCCTCCTCGCAT-1,16
GTGAGCCTCTATTTCG-1,9
GTGAGGAAGCAAGTGC-1,16
GTGAGGAGTATGTGTC-1,17
GTGAGGATCATTACCT-1,21
GTGAGGATCGGAGCAA-1,19
GTGAGTTCACTCATAG-1,16
GTGATGTCAGGACTAG-1,2
GTGATGTCAGGTCTCG-1,5
GTGATGTGTGCAACAG-1,13
GTGCACGCACAATGAA-1,2
GTGCACGGTCTGTTAG-1,21
GTGCACGGTTTGGAGG-1,3
GTGCACGTCCATAGGT-1,4
GTGCAGCCAGTTGAAA-1,9
GTGCAGCCATAGTCAC-1,22
GTGCAGCGTAGAATAC-1,20
GTGCAGCGTTAAACCC-1,10
GTGCAGCTCACTCGAA-1,9
GTGCAGCTCACTGGGC-1,4
GTGCAGCTCGGCTATA-1,10
GTGCGTGAGACATAGT-1,4
GTGCGTGCATGCCGGT-1,11
GTGCGTGGTAAGATTG-1,24
GTGCTGGAGACTTCAC-1,23
GTGCTGGCAGGAACCA-1,16
GTGCTGGTCTCGTGGG-1,15
GTGCTTCAGACAAGCC-1,2
GTGCTTCAGGAGAGTA-1,7
GTGCTTCTCGTCCATC-1,17
GTGCTTCTCTCACGAA-1,25
GTGGAAGAGTGCCTCG-1,19
GTGGAAGCATGCGGTC-1,14
GTGGAAGGTTCCCAAA-1,16
GTGGAAGTCCGCACTT-1,12
GTGGAAGTCTGCATAG-1,7
GTGGCGTAGACAGTCG-1,8
GTGGCGTAGGTAATCA-1,14
GTGGCGTCATTGAAAG-1,15
GTGGCGTGTCGTACAT-1,11
GTGGCGTGTGAACCGA-1,19
GTGGGAAAGAGGACTC-1,26
GTGGGAAAGGTTAGTA-1,0
GTGGGAACAAGTCCAT-1,12
GTGGGAATCCATTTGT-1,21
GTGGTTACACCATATG-1,10
GTGGTTACAGCGATTT-1,9
GTGGTTACATCCGAGC-1,1
GTGGTTAGTCGTATGT-1,1
GTGTAACTCACGGGAA-1,4
GTGTGATTCCCGATCT-1,10
GTGTGGCGTGCAACGA-1,2
GTGTTCCCAACTTGCA-1,4
GTGTTCCGTGTACATC-1,4
GTTACAGCAACTGGTT-1,3
GTTACAGCACCCTATC-1,10
GTTACAGGTTCGATTG-1,4
GTTACGACAAGTTCCA-1,10
GTTACGACATTCATCT-1,24
GTTACGAGTAACACCT-1,9
GTTACGATCGATTCCC-1,1
GTTACGATCTGCTAGA-1,2
GTTAGACAGCACGATG-1,10
GTTAGACAGGTGCCTC-1,18
GTTAGTGAGACATAAC-1,11
GTTAGTGGTTCCAGGC-1,17
GTTAGTGGTTGCCAAT-1,0
GTTATGGCAAACGTGG-1,22
GTTCATTAGCGCTGAA-1,9
GTTCATTAGGGTGAAA-1,26
GTTCATTTCCCTCTCC-1,15
GTTCATTTCTGCGGCA-1,21
GTTCCGTCAGAAATCA-1,3
GTTCGCTGTCGCATCG-1,12
GTTCGCTGTGCTCGTG-1,12
GTTCGCTGTGTCGATT-1,22
GTTCGCTGTGTCTAAC-1,3
GTTCTATAGTTCCGGC-1,19
GTTCTATCAAAGCACG-1,8
GTTCTATTCCTACGGG-1,6
GTTGAACAGGGCATGT-1,0
GTTGCGGCAATAGTGA-1,26
GTTGCGGGTGCTTATG-1,17
GTTGCGGTCGTTCTAT-1,17
GTTGCTCCAGTGACCC-1,20
GTTGCTCGTCAACGCC-1,12
GTTGCTCGTCGGTAAG-1,1
GTTGTAGGTGATGAAT-1,22
GTTGTAGTCCATCTCG-1,26
GTTGTCCCACCGGCTA-1,17
GTTGTCCTCGAAGTGG-1,23
GTTGTGACATTGCTGA-1,7
GTTGTGATCGATACTG-1,1
GTTTACTCAGTTAAAG-1,17
GTTTGGAAGTTCGGTT-1,17
GTTTGGATCCTAACAG-1,7
TAACACGCAACGGCTC-1,9
TAACACGCACAAGCTT-1,21
TAACCAGCACGCGCAT-1,0
TAACCAGGTCCAAAGG-1,21
TAACCAGTCCGCATAA-1,0
TAACCAGTCTTTACAC-1,19
TAACTTCCAGCTACTA-1,21
TAACTTCGTTCGTACA-1,8
TAACTTCTCATGACAC-1,18
TAACTTCTCTCTAGGA-1,16
TAAGCACAGGGTAATT-1,11
TAAGCACAGTTGGAAT-1,20
TAAGCACGTGCTGATT-1,22
TAAGCACTCATTCCTA-1,12
TAAGCGTAGCTCGAAG-1,19
TAATCTCGTACGAGTG-1,2
TAATCTCTCTGCGGAC-1,7
TAATCTCTCTTCCACG-1,1
TAATTCCAGGAGTACC-1,17
TACAACGCAAGGATGC-1,7
TACAACGTCCTTACCG-1,21
TACACCCCATCCGCGA-1,25
TACACCCGTACAGCGA-1,1
TACAGGTAGAGCCGAT-1,7
TACAGGTCACGAGGAT-1,9
TACAGGTGTTTGAAAG-1,5
TACATTCAGTAGTGCG-1,22
TACATTCCAATTGTGC-1,9
TACATTCCAGTAACGG-1,3
TACATTCTCTCTCGAC-1,10
TACCCGTCATGCCGCA-1,7
TACCCGTGTAGATTAG-1,4
TACCCGTGTGGTTCTA-1,1
TACCCGTTCATAGACC-1,13
TACCCGTTCTATCGCC-1,9
TACCGAAAGGGATGTC-1,1
TACCGAATCCGAACGC-1,4
TACCGGGAGGTCATCT-1,17
TACCTCGGTCCAGCGT-1,15
TACCTGCAGTAAGAGG-1,15
TACCTGCCACGCGTGT-1,24
TACCTGCTCATCTCTA-1,1
TACGGGCTCGTCGACG-1,0
TACGGTACAACCAGAG-1,1
TACGGTACAGCTCCTT-1,15
TACGTCCCAAAGCTCT-1,10
TACGTCCCAAGTGACG-1,24
TACGTCCCACACCTGG-1,24
TACGTCCCATGACTCA-1,23
TACGTCCTCACATCAG-1,20
TACTGCCAGCGTTGTT-1,17
TACTGCCAGTGGTTCT-1,3
TACTGCCCATCGTCCT-1,22
TACTGCCGTGATCATC-1,4
TACTTACAGAGTTGTA-1,10
TACTTCAAGCATGGGT-1,25
TACTTCAGTACTCGCG-1,14
TACTTCAGTTTGCCGG-1,7
TACTTGTTCTAGACAC-1,6
TACTTGTTCTCCCTAG-1,8
TACTTGTTCTCCGAGG-1,1
TAGACCAAGTCTTGGT-1,12
TAGACCACACAGCGCT-1,7
TAGACCATCACGAACT-1,17
TAGACCATCATTGGTG-1,5
TAGAGTCTCGAGTCCG-1,1
TAGATCGAGCGACTGA-1,6
TAGATCGGTCCCTAAA-1,23
TAGCACACACTCTAGA-1,9
TAGGAGGAGTAAGCAT-1,4
TAGGAGGCAGCACGAA-1,19
TAGGAGGGTTGGGCCT-1,7
TAGGGTTAGATCCCGC-1,25
TAGGGTTCACCAGTAT-1,26
TAGGGTTCATAGACTC-1,2
TAGGGTTGTCGAAGCA-1,5
TAGGTACAGCCAGAGT-1,5
TAGGTTGAGTCAGGGT-1,3
TAGGTTGCAGTAACAA-1,25
TAGGTTGTCAGAGCGA-1,18
TAGTGCAGTTCGAAGG-1,18
TAGTGCATCAGTGTTG-1,3
TAGTGCATCCTCTTTC-1,25
TATACCTGTACGTGAG-1,1
TATATCCGTACGTACT-1,1
TATATCCGTTGGTACT-1,6
TATATCCTCCAACTAG-1,14
TATCAGGCAAATGCGG-1,4
TATCAGGCACTCCCTA-1,0
TATCAGGGTAGAGGAA-1,3
TATCCTAGTGCATTAC-1,6
TATCCTAGTTATAGAG-1,19
TATCGCCAGGGCTGAT-1,22
TATCGCCGTTGAGAGC-1,25
TATCGCCTCACCTCAC-1,7
TATCTGTGTGATGTAA-1,26
TATCTGTTCGTGAGAG-1,5
TATCTTGAGCTCGTGC-1,22
TATCTTGTCATCCCGT-1,1
TATTCCAGTCAGCTTA-1,15
TATTCCAGTGGAAATT-1,26
TATTCCATCATTCGGA-1,26
TATTCCATCGCCAGTG-1,9
TATTCCATCGTCAGAT-1,4
TATTGCTAGTATTCCG-1,6
TATTGCTCAAATAAGC-1,7
TATTGCTCACCAACAT-1,2
TATTGCTTCCGTACGG-1,16
TATTGCTTCTCCGAAA-1,5
TATTGGGAGTACTGTC-1,10
TATTGGGCATCCCGTT-1,16
TATTGGGTCCGCTTAC-1,8
TATTTCGAGATGGTAT-1,8
TATTTCGGTCACAGTT-1,14
TCAAGACTCGAAACAA-1,25
TCAAGCAGTCTATGAC-1,12
TCAAGTGCACTTTAGG-1,23
TCAAGTGCAGGGTCTC-1,10
TCAAGTGGTATAGGAT-1,13
TCAAGTGTCTCTCTAA-1,21
TCAATCTCACTCCTGT-1,23
TCAATCTTCAACCTTT-1,6
TCAATCTTCAGCATTG-1,0
TCAATTCCACTGCGAC-1,10
TCAATTCGTCAGGCAA-1,1
TCAATTCGTTGCTGAT-1,14
TCAATTCTCAAAGGAT-1,1
TCACAAGGTAGCTGCC-1,12
TCACAAGTCAGTGTGT-1,10
TCACACCCATCGGATT-1,7
TCACACCCATTAAAGG-1,20
TCACACCTCGAGAGCA-1,14
TCACGCTAGTCATTGC-1,2
TCACGCTTCAGGGTAG-1,5
TCACGGGAGACTTCGT-1,1
TCACGGGGTAAGTTAG-1,9
TCACGGGTCACACCGG-1,1
TCACGGGTCGTTCTCG-1,0
TCACTATAGTGGTTGG-1,0
TCACTATCAGACCAGA-1,13
TCACTCGTCTCCGCAT-1,21
TCAGCAAAGTGCAACG-1,19
TCAGCCTGTAGTCGGA-1,7
TCAGCCTGTCGAACGA-1,11
TCAGCCTTCGAACGGA-1,12
TCAGGGCGTACAAGTA-1,8
TCAGGGCGTCTTTCAT-1,10
TCAGGGCGTTATAGCC-1,4
TCAGGTAGTGGCTTAT-1,14
TCAGTCCAGACCCTTA-1,7
TCAGTCCCACAAACGG-1,8
TCAGTTTCAAGTTCCA-1,4
TCATACTCACAATGCT-1,20
TCATCATAGGGTGAAA-1,10
TCATCATCAAGTATCC-1,17
TCATCATCATGTTCGA-1,21
TCATCATGTCATCACA-1,1
TCATCATGTGTATACC-1,9
TCATCCGAGCCTCGTG-1,16
TCATCCGCAGTGTGGA-1,12
TCATCCGTCCTTCTTC-1,1
TCATGAGTCTGAGAAA-1,2
TCATGCCAGGTAGACC-1,26
TCATGCCAGTGAGGTC-1,5
TCATGCCGTACGATTC-1,4
TCATGGAGTGATAGTA-1,6
TCATGTTCAACTCCAA-1,8
TCATGTTTCAATCAGC-1,9
TCATTACTCCGATTAG-1,4
TCATTCAAGACCAAGC-1,26
TCATTCACAGCGCGTT-1,1
TCATTCACATCGGCCA-1,6
TCATTGTAGCGACCCT-1,20
TCATTGTAGGTGCTAG-1,26
TCATTGTCAAGTAGTA-1,3
TCATTGTCATGAAGCG-1,18
TCATTTGAGAGGGTAA-1,10
TCATTTGAGATGTTAG-1,6
TCATTTGCATCAGCTA-1,11
TCCACCACAGCTACAT-1,13
TCCACGTCATCACAGT-1,16
TCCACGTTCATCGCAA-1,18
TCCAGAATCCTAAGTG-1,17
TCCATGCAGCTATCCA-1,14
TCCCACATCCAAATGC-1,11
TCCCAGTAGACAAGCC-1,9
TCCCAGTCACGCCACA-1,19
TCCCAGTGTTCCTTGC-1,4
TCCCATGAGTAAACGT-1,24
TCCCATGAGTAACGAT-1,18
TCCCATGCAGGAGGTT-1,10
TCCGATCTCAAGTCTG-1,12
TCCGGGAAGGAAAGGT-1,1
TCCGGGAAGTGTACAA-1,12
TCCGGGAGTCCCTGAG-1,9
TCCGGGAGTTTGTGGT-1,19
TCCGGGATCCGCACGA-1,0
TCCGTGTCATCTCAAG-1,20
TCCTAATAGAGGTGCT-1,25
TCCTAATAGAGTTGTA-1,9
TCCTAATCAGACAATA-1,20
TCCTCCCCACGCCAGT-1,3
TCCTCCCCAGACGATG-1,1
TCCTCCCCATCACAGT-1,8
TCCTCCCGTCAGCGTC-1,3
TCCTCCCGTGTTGACT-1,9
TCCTCCCTCCCGAAAT-1,11
TCCTCGAAGGTTTACC-1,26
TCCTCGAGTCCAAATC-1,5
TCCTCTTCAGTCCGTG-1,13
TCCTCTTCATCACCAA-1,25
TCCTGCAAGTAAGAGG-1,19
TCCTTTCAGGGCAATC-1,4
TCCTTTCCATCTAACG-1,14
TCCTTTCTCACGGGCT-1,6
TCCTTTCTCTTACGTT-1,20
TCGAACACAAATGATG-1,22
TCGAACAGTCGTGTTA-1,26
TCGAACATCAGTGGGA-1,24
TCGAAGTAGTACCCTA-1,14
TCGAAGTGTCTGTGTA-1,0
TCGACCTCACTGTCCT-1,17
TCGACCTGTTGAGAGC-1,1
TCGACGGAGAATAACC-1,7
TCGACGGCATTGACTG-1,6
TCGACGGTCACTACGA-1,25
TCGATTTAGCACGTCC-1,19
TCGCACTCACCCATAA-1,12
TCGCACTTCTAGTTCT-1,1
TCGCAGGAGAAGCGCT-1,6
TCGCAGGAGGTAGTCG-1,6
TCGCAGGGTTGTTGAC-1,4
TCGCTCACAAGTCCCG-1,10
TCGCTCACATGACTAC-1,18
TCGGATAAGCTGGCTC-1,6
TCGGATAGTCGGTGAA-1,12
TCGGATAGTGCAACAG-1,6
TCGGATATCCGAAATC-1,21
TCGGATATCCTACCAC-1,8
TCGGGACAGGGTTTCT-1,5
TCGGGCAAGCGACCCT-1,5
TCGGGCAGTCTCAGGC-1,21
TCGGTCTAGAATCGAT-1,9
TCGGTCTAGGTCTGGA-1,4
TCGTAGAAGCCACCGT-1,17
TCGTAGACAAGTGATA-1,1
TCGTAGACAGCACAGA-1,23
TCGTAGATCACCACAA-1,24
TCGTAGATCCCAGCGA-1,21
TCGTCCAAGTCTGGTT-1,0
TCGTCCACAGAGTCTT-1,7
TCGTCCACAGCCGTTG-1,3
TCGTCCAGTCTCTCTG-1,11
TCGTGCTAGCTGCCAC-1,26
TCGTGGGGTTGGATCT-1,24
TCGTGGGTCTACGCAA-1,19
TCTAACTAGAGCTGCA-1,9
TCTAACTCACTACCCT-1,9
TCTAACTTCGATTCCC-1,3
TCTACATGTGCCTACG-1,11
TCTACCGAGACCAAGC-1,1
TCTACCGAGGGAGGCA-1,6
TCTATCACATACCACA-1,21
TCTATCAGTAACGTTC-1,3
TCTATCAGTCCATAGT-1,2
TCTCACGAGGGAGGCA-1,9
TCTCACGCATCCGAGC-1,22
TCTCACGGTCGAAGCA-1,2
TCTCACGGTTCTTGCC-1,22
TCTCACGTCATCGTAG-1,1
TCTCAGCCAGGGTTGA-1,11
TCTCAGCGTAATGATG-1,6
TCTCAGCTCAAGAGGC-1,1
TCTCCGAAGACGGATC-1,10
TCTCCGACACACAGAG-1,1
TCTCCGAGTCGCTTGG-1,0
TCTCCGATCACATCAG-1,26
TCTGGCTAGACGTCGA-1,5
TCTGGCTCAAGTTCGT-1,1
TCTGGCTTCTATTTCG-1,20
TCTGGCTTCTGCACCT-1,4
TCTGTCGAGTATGGAT-1,4
TCTGTCGCATCCTTCG-1,17
TCTGTCGTCCACTAGA-1,4
TCTTAGTAGACGTCCC-1,2
TCTTAGTAGTATTAGG-1,13
TCTTAGTCACTCCGAG-1,26
TCTTCCTGTATGCAAA-1,12
TCTTGCGGTGGTAATA-1,18
TCTTTGAAGCGATGCA-1,6
TCTTTGAGTGAGCGAT-1,7
TCTTTGAGTTTCACTT-1,20
TCTTTGATCAACACCA-1,16
TGAACGTAGCACTAAA-1,24
TGAACGTAGTTCATCG-1,10
TGAATCGAGAGTTGTA-1,4
TGAATGCTCTTTCAGT-1,12
TGACAGTGTCCACTCT-1,0
TGACCCTCAGCGAACA-1,2
TGACGCGAGGTTATAG-1,24
TGACGCGGTAGAGTTA-1,8
TGACGCGGTCCGGTGT-1,6
TGACGCGGTTGGTGTT-1,7
TGACTCCAGTTGTAAG-1,5
TGAGACTAGCTGAAGC-1,11
TGAGACTAGTGCAGCA-1,10
TGAGACTCACTATGTG-1,0
TGAGCATAGCACTCCG-1,21
TGAGCATCAACCACAT-1,16
TGAGCATCATGACGAG-1,19
TGAGCGCAGACAGCTG-1,12
TGAGCGCAGGAAAGAC-1,0
TGAGCGCCAAATAGCA-1,26
TGAGCGCCATCTGCGG-1,16
TGAGCGCGTTGCATGT-1,4
TGAGCGCTCATTCGGA-1,2
TGAGGAGAGAGGTCAC-1,13
TGAGGAGAGCCACTCG-1,8
TGAGGGAGTATCAGGG-1,1
TGAGGGAGTTATTCTC-1,7
TGAGGGATCCGGACGT-1,20
TGAGGTTCAGAGGCTA-1,6
TGAGGTTGTTTAGACC-1,8
TGAGGTTTCTCAGAAC-1,2
TGAGGTTTCTGGTTGA-1,4
TGAGTCATCTTAATCC-1,18
TGATCAGCAATTGGTC-1,8
TGATCAGGTGACAACG-1,7
TGATCAGTCAGACCCG-1,12
TGATGCATCATCGGGC-1,13
TGATGCATCGCCACTT-1,10
TGATGGTGTATGGAAT-1,17
TGATTCTAGCTAGTTC-1,9
TGATTCTAGTCACGAG-1,10
TGATTTCCATCGAAGG-1,6
TGATTTCGTTCTTGTT-1,18
TGATTTCTCCATCACC-1,19
TGATTTCTCGTCACCT-1,18
TGATTTCTCTGAGAAA-1,24
TGCAGATGTACACTCA-1,18
TGCAGGCAGAGAGCCT-1,6
TGCAGGCCACCGGAAA-1,14
TGCAGGCGTCCTGGGT-1,6
TGCAGGCTCTCATTAC-1,13
TGCAGTAAGATGTTGA-1,20
TGCAGTACAAATACAG-1,0
TGCATCCCACTACGGC-1,19
TGCCGAGAGGTCTGGA-1,15
TGCGACGCATGTGGTT-1,10
TGCGACGTCCACGAAT-1,8
TGCGATACATTGGGAG-1,10
TGCGATAGTCAGACTT-1,12
TGCGATAGTTAGAGTA-1,0
TGCGGGTCAATTGCGT-1,4
TGCGGGTGTCAATGGG-1,24
TGCGGGTTCCTCTAAT-1,9
TGCTCGTGTTGGCCGT-1,3
TGCTCGTTCTTCCAGC-1,6
TGCTGAAAGCACTCCG-1,1
TGCTGAACAGGTGAGT-1,18
TGCTGAAGTCTAACTG-1,15
TGCTTCGAGCTCTTCC-1,26
TGCTTGCAGCTGACAG-1,16
TGCTTGCTCGTTCCCA-1,14
TGGAACTGTGGATCGA-1,2
TGGAGAGGTATAATGG-1,10
TGGAGGAAGATCCGAG-1,24
TGGAGGACAACACAAA-1,21
TGGAGGAGTCGATGCC-1,7
TGGAGGATCCACATAG-1,26
TGGAGGATCCTACGGG-1,4
TGGAGGATCGTCACCT-1,7
TGGATCAAGTAGTCCT-1,17
TGGATCACACCTAAAC-1,5
TGGATGTTCCCATACC-1,20
TGGCGTGCAAGCACAG-1,21
TGGCGTGCAGCGACAA-1,7
TGGCGTGCATTGCTGA-1,26
TGGCGTGGTCTGTCAA-1,11
TGGGAAGAGTTAGAAC-1,10
TGGGAAGCAACCGCCA-1,20
TGGGAAGCAACGATCT-1,4
TGGGAAGTCACGGTCG-1,0
TGGGAGAGTCACCGCA-1,3
TGGGATTCAGGAGGAG-1,11
TGGGATTTCTCGTCAC-1,9
TGGGCGTGTATCACCA-1,8
TGGGCTGCACTGAGTT-1,14
TGGGCTGGTGAGTGAC-1,11
TGGGCTGGTGGTCCCA-1,11
TGGGCTGTCATTGTGG-1,16
TGGGCTGTCTCGCGTT-1,5
TGGGTTACAATTTCTC-1,3
TGGTACAAGTCTCGTA-1,15
TGGTAGTCATTCACCC-1,20
TGGTGATAGGAACGTC-1,24
TGGTGATGTGATACCT-1,18
TGGTGATGTGCGTGCT-1,21
TGGTTAGAGATCGGTG-1,9
TGGTTAGAGGTGCATG-1,7
TGTAACGAGAGGGTAA-1,26
TGTAACGCAACCGTAT-1,12
TGTAACGTCCTAGAGT-1,22
TGTAAGCCAACCGTGC-1,21
TGTAAGCTCCTTCACG-1,10
TGTAAGCTCTTCGACC-1,7
TGTACAGAGCATCCTA-1,4
TGTAGACAGATAGCAT-1,5
TGTAGACAGCATCAAA-1,8
TGTAGACTCAAGCTGT-1,26
TGTCCACCAAATAAGC-1,9
TGTCCACCAAGAGTGC-1,7
TGTCCACCAAGCCATT-1,15
TGTCCCAAGAATCCCT-1,2
TGTCCCAGTTTCAGAC-1,19
TGTCCTGAGCATGAAT-1,21
TGTCCTGGTCCTACGG-1,17
TGTGAGTAGGCTCTCG-1,5
TGTGAGTTCGCCACTT-1,1
TGTGATGTCTCCTGCA-1,9
TGTGCGGAGCCTGGAA-1,5
TGTGCGGAGTGGGAAA-1,13
TGTGCGGGTATGCGTT-1,6
TGTGCGGTCTTGAACG-1,7
TGTGTGACAGCAGTCC-1,12
TGTGTGAGTAGCACGA-1,3
TGTGTGAGTCGATGCC-1,3
TGTGTGATCACGAACT-1,3
TGTTACTAGCTCGTGC-1,2
TGTTACTTCTGAGAAA-1,12
TGTTCATAGGACTAAT-1,15
TGTTCATCAAAGGAGA-1,10
TGTTCCGAGCGTATGG-1,13
TGTTCCGCACGTAACT-1,13
TGTTCCGCATGAGGGT-1,11
TGTTCCGTCGGAGCAA-1,18
TGTTCTAAGTGCCAGA-1,9
TGTTGAGCACAGTCGC-1,25
TGTTGAGCATACCGTA-1,9
TGTTGAGGTTGTGTAC-1,18
TGTTGGAGTCTCGCGA-1,4
TGTTGGAGTTAGGGTG-1,26
TGTTGGATCAACACGT-1,3
TGTTGGATCGCTTGAA-1,15
TGTTTGTGTAGCTTTG-1,4
TTACAGGAGTAGACAT-1,7
TTACCATCACTAACGT-1,3
TTACCATTCAACACCA-1,24
TTACCATTCGTTCCCA-1,21
TTACCATTCTACAGGT-1,6
TTACCGCAGGTCCAGA-1,0
TTACGCCGTGCTGATT-1,5
TTACGTTAGTTGGACG-1,19
TTACGTTCAGAGATGC-1,22
TTACGTTGTCTGCAAT-1,22
TTACTGTAGATACCAA-1,18
TTACTGTCACCAATTG-1,0
TTACTGTCAGATCCTA-1,24
TTACTGTTCACGGACC-1,25
TTAGGCACAACAGCTT-1,15
TTAGGCAGTTCTGAGT-1,6
TTAGGGTCAATGAACA-1,3
TTAGGGTGTTATGTGC-1,6
TTAGGGTTCTGTCTCG-1,11
TTAGTCTCACCCTAGG-1,10
TTAGTCTGTGGCTCTG-1,14
TTAGTCTTCACTCACC-1,3
TTAGTCTTCGTAGGAG-1,5
TTATTGCAGTTGGCTT-1,9
TTATTGCCACCTGCTT-1,0
TTCAATCAGCACTCCG-1,6
TTCAATCAGGTGCATG-1,0
TTCAATCTCCGAGGCT-1,11
TTCAATCTCCTCACCA-1,3
TTCAATCTCGCGGACT-1,21
TTCACCGCACTGTCGG-1,20
TTCACCGGTGTTGACT-1,14
TTCACCGGTTACGGAG-1,4
TTCACGCAGGGTTAAT-1,13
TTCACGCGTACTGACT-1,19
TTCACGCGTGAATGAT-1,10
TTCAGGATCGACATTG-1,15
TTCAGGATCTTAAGGC-1,19
TTCATGTAGGGTTAGC-1,9
TTCATGTAGTTCCGTA-1,7
TTCATTGGTCAAGCCC-1,3
TTCATTGTCGGCGATC-1,25
TTCCAATCATATAGCC-1,7
TTCCAATGTACAAGCG-1,15
TTCCACGAGAGTCACG-1,22
TTCCACGCATGACAGG-1,9
TTCCACGTCCACACCT-1,16
TTCCACGTCCGAGATT-1,12
TTCCACGTCGAATCCA-1,6
TTCCGGTAGGTAAACT-1,23
TTCCGGTAGTTTGTCG-1,25
TTCCGGTCAATGCTCA-1,4
TTCCGGTCAGCATGCC-1,10
TTCCGGTTCTAGACAC-1,20
TTCCGTGAGCCTATTG-1,0
TTCCGTGAGGCTTCCG-1,8
TTCCGTGGTTCGGACC-1,8
TTCCTAAAGGTAGCAC-1,10
TTCCTAACATATAGCC-1,21
TTCCTAAGTTAACAGA-1,10
TTCCTCTCAGTTCTAG-1,14
TTCCTTCCAACACGAG-1,15
TTCCTTCCAGGTTCAT-1,11
TTCCTTCGTTATTCTC-1,23
TTCGATTGTGGTCTTA-1,22
TTCGCTGAGACTCTAC-1,3
TTCGCTGAGTCGCCAC-1,24
TTCGCTGGTACGACTT-1,4
TTCGGTCCACAAGGTG-1,4
TTCGGTCGTTGCATGT-1,7
TTCTAACGTGAAAGTT-1,25
TTCTAGTCAGGCACAA-1,2
TTCTAGTTCAGCCCAG-1,26
TTCTAGTTCGGAAGGT-1,25
TTCTCTCTCATTCATC-1,10
TTCTGTAAGGTAGCAC-1,19
TTCTGTACATTAAGCC-1,9
TTCTGTAGTAGGGTAC-1,7
TTCTGTAGTGTGAATA-1,1
TTCTGTAGTTCATCGA-1,21
TTCTTCCCACCGTCGA-1,5
TTCTTCCCACGGCACT-1,14
TTCTTCCGTGTAGTGG-1,4
TTCTTGACACTTCATT-1,9
TTCTTGACAGAATGTA-1,3
TTCTTGAGTACGCGTC-1,15
TTCTTGAGTTTATGCG-1,1
TTCTTGATCAGATGCT-1,1
TTGACCCCAAGCGATG-1,16
TTGACCCCAAGTGCAG-1,1
TTGAGTGAGTTGAAAC-1,11
TTGATGGGTCTGGTTA-1,1
TTGCATTAGTAGGAAG-1,2
TTGCCTGCATAGATCC-1,5
TTGCCTGTCCATAGAC-1,25
TTGCGTCAGCACTCCG-1,8
TTGCGTCAGTCCCGAC-1,7
TTGCGTCAGTCCGCGT-1,7
TTGCGTCGTCAGCGTC-1,15
TTGCTGCAGAGCAGAA-1,4
TTGCTGCAGCGGTATG-1,10
TTGCTGCTCTCTGACC-1,3
TTGGGATAGTGCGCTC-1,6
TTGGGATCACCCAACG-1,5
TTGGGATGTCGGAACA-1,0
TTGGGATGTGTTACAC-1,9
TTGGGTAAGTGCTACT-1,5
TTGGGTACAGAGTTGG-1,1
TTGGTTTAGACGGTCA-1,13
TTGGTTTCAGTAGAGC-1,8
TTGGTTTTCATTTACC-1,26
TTGGTTTTCGGTCACG-1,18
TTGGTTTTCTGCTAGA-1,2
TTGTTGTAGATAACGT-1,14
TTGTTGTGTTCTATCT-1,11
TTGTTGTTCTCCGAAA-1,20
TTGTTTGAGACGTCCC-1,19
TTGTTTGTCTAACGCA-1,10
TTTACCAAGGCAGCTA-1,4
TTTACCACACTACAGT-1,8
TTTACCAGTTGCCTAA-1,11
TTTACCATCTGAATCG-1,11
TTTACGTCAAATCGGG-1,4
TTTACGTGTTATAGCC-1,0
TTTACGTTCACACGAT-1,21
TTTACGTTCGGAGCAA-1,23
TTTACTGTCCAATCTT-1,24
TTTAGTCAGCAACTCT-1,25
TTTAGTCAGCCGCACT-1,2
TTTATGCAGGGAGGTG-1,8
TTTATGCAGTAAGGGA-1,18
TTTATGCAGTCCGTCG-1,18
TTTATGCAGTGCTCGC-1,17
TTTATGCCATGATGCT-1,3
TTTATGCTCGCCAATA-1,6
TTTCACAAGCGACTAG-1,4
TTTCAGTAGACTTCAC-1,3
TTTCAGTTCTTAGCTT-1,18
TTTCATGAGAATTCAG-1,5
TTTCATGGTTCGTTCC-1,14
TTTCCTCGTGTGATGG-1,8
TTTCCTCTCGCAGTGC-1,22
TTTCGATCAGGATGAC-1,12
TTTCGATGTCGTGATT-1,7
TTTCGATTCGAACGGA-1,3
TTTGACTCAAGAGTTA-1,14
TTTGACTCACAAACGG-1,26
TTTGGAGAGCCATTGT-1,11
TTTGGAGCATCTCCCA-1,26
TTTGGAGCATGCAGCC-1,0
TTTGGAGGTACTCGAT-1,6
TTTGGTTAGACGATAT-1,13
TTTGTTGAGCCACTCG-1,4
TTTGTTGGTAAGGCTG-1,1
