ONTOLOGY	ID	Description	setSize	enrichmentScore	NES	pvalue	p.adjust	qvalue	rank	leading_edge	core_enrichment
BP	GO:0051607	defense response to virus	211	0.5627198474183949	2.3901306572964818	1e-10	7.206666666666666e-8	6.305263157894738e-8	667	tags=24%, list=7%, signal=23%	RSAD2/IFIT1/OAS3/OAS1/IFI6/IFITM1/IFIT3/MX2/IFI44L/ISG15/SPON2/MX1/PLSCR1/HERC5/MOV10/MUL1/FGL2/IRF7/STAT1/IL1B/OAS2/DHX58/TRIM5/DDX60L/ISG20/RTP4/BST2/PARP9/IKBKE/APOBEC3H/IFITM3/IFIT2/TSPAN32/DDX60/AIM2/IFNG/EIF2AK2/LILRB1/SERINC5/PML/DTX3L/ZBP1/IL6/PRF1/IRF9/IL12RB1/BCL2L1/TRIM34/TRIM22/OASL/TRIM25
BP	GO:0140546	defense response to symbiont	211	0.5627198474183949	2.3901306572964818	1e-10	7.206666666666666e-8	6.305263157894738e-8	667	tags=24%, list=7%, signal=23%	RSAD2/IFIT1/OAS3/OAS1/IFI6/IFITM1/IFIT3/MX2/IFI44L/ISG15/SPON2/MX1/PLSCR1/HERC5/MOV10/MUL1/FGL2/IRF7/STAT1/IL1B/OAS2/DHX58/TRIM5/DDX60L/ISG20/RTP4/BST2/PARP9/IKBKE/APOBEC3H/IFITM3/IFIT2/TSPAN32/DDX60/AIM2/IFNG/EIF2AK2/LILRB1/SERINC5/PML/DTX3L/ZBP1/IL6/PRF1/IRF9/IL12RB1/BCL2L1/TRIM34/TRIM22/OASL/TRIM25
BP	GO:0009615	response to virus	276	0.493322942334226	2.158709585303808	1e-10	7.206666666666666e-8	6.305263157894738e-8	667	tags=19%, list=7%, signal=18%	RSAD2/IFIT1/OAS3/OAS1/IFI6/IFITM1/IFIT3/MX2/IFI44L/ISG15/SPON2/MX1/PLSCR1/HERC5/MOV10/MUL1/FGL2/IRF7/STAT1/IL1B/OAS2/DHX58/TRIM5/IFI44/DDX60L/ISG20/RTP4/BST2/PARP9/IKBKE/APOBEC3H/IFITM3/IFIT2/TSPAN32/DDX60/AIM2/IFNG/EIF2AK2/LILRB1/SERINC5/PML/DTX3L/ZBP1/IL6/PRF1/NLRP3/IRF9/IL12RB1/BCL2L1/TRIM34/TRIM22/OASL/TRIM25
BP	GO:0048525	negative regulation of viral process	65	0.6914358784474399	2.4778707242168325	4.354019016825968e-10	2.3533472785944357e-7	2.058992677167438e-7	667	tags=32%, list=7%, signal=30%	RSAD2/IFIT1/OAS3/OAS1/IFITM1/ISG15/MX1/PLSCR1/STAT1/OAS2/TRIM5/ISG20/LY6E/BST2/CIITA/APOBEC3H/IFITM3/EIF2AK2/MORC2/OASL/TRIM25
BP	GO:0034097	response to cytokine	484	0.399875245415643	1.84158722266846	1.1934248196597465e-9	5.160368920208743e-7	4.514914528270661e-7	1826	tags=28%, list=19%, signal=24%	IFIT1/OAS3/OAS1/CXCL1/TNFRSF18/CXCL3/IFITM1/USP18/PTGS2/IFIT3/MX2/CD38/IL1RN/ISG15/MX1/PLSCR1/CD4/KYNU/IL18RAP/MUL1/CXCL2/PIAS3/IRF7/STAT1/IL1B/OAS2/TNFRSF4/XAF1/EREG/BST2/CIITA/PARP9/KHSRP/TIMP1/IKBKE/GBP5/VCAM1/CACTIN/SLC11A1/IFITM3/GFPT2/PLCB1/IFIT2/CCR5/AIM2/IFNG/EIF2AK2/HSPA1B/LILRB1/PML/IL1A/TRAF6/ZBP1/IRAK2/IL6/FASLG/RARG/IL12RB1/CCL3/JAK3/NFIL3/BCL2L1/CCRL2/OSM/RARA/TNFRSF25/OASL/TRIM25/THBS1/RORA/FER/SPOCK2/WDR35/SPHK1/GBP4/IL7R/RELB/STAT4/HDAC4/TNFRSF1B/VPS26B/SNX10/KEAP1/HSPA1A/MKKS/NFATC1/IRAK3/GBP1/PARP14/FLNB/CTBP2/TNFRSF14/IL17RA/PARP16/AIF1/TNFAIP3/CXCL8/STXBP4/RNF185/SLC12A2/AGPAT1/CCL20/RRAGA/LSP1/XBP1/ENDOG/CCL4/PMM1/EPS8/ETV3/PYCARD/LAPTM5/MAP2K5/TRIM56/JAK2/ADAR/BAD/CX3CR1/TUBA1B/GSK3A/IL15/TNF/IFITM2/MAPKAPK3/CDK4/PPP2CB/BBS4/IMPDH2/CEBPA/SIGIRR/IL1RAP/CARD16/SIRT1/SYNGR1/IFNGR1
BP	GO:1903900	regulation of viral life cycle	102	0.5808724955030937	2.237047618057641	1.1163845899800951e-8	4.022705805894942e-6	3.519549312621458e-6	667	tags=23%, list=7%, signal=21%	RSAD2/IFIT1/OAS3/OAS1/IFITM1/ISG15/MX1/PLSCR1/CD4/OAS2/TRIM5/ISG20/LY6E/BST2/CIITA/APOBEC3H/IFITM3/EIF2AK2/MORC2/TRIM34/TRIM22/OASL/TRIM25
BP	GO:0034340	response to type I interferon	53	0.6917468847431377	2.37265246808984	1.5171518088620856e-8	4.100102763449786e-6	3.5872655270067995e-6	457	tags=28%, list=5%, signal=27%	IFIT1/OAS3/OAS1/IFITM1/USP18/ISG15/MX1/MUL1/IRF7/STAT1/OAS2/IKBKE/CACTIN/IFITM3/ZBP1
BP	GO:0098542	defense response to other organism	571	0.37306527323741445	1.7419283368913967	1.3375249802675535e-8	4.100102763449786e-6	3.5872655270067995e-6	667	tags=16%, list=7%, signal=16%	RSAD2/IFIT1/OAS3/OAS1/CXCL1/IFI6/CXCL3/IFITM1/USP18/IFI35/IFIT3/MX2/IFI44L/NOD2/ISG15/SPON2/CLEC7A/MX1/PLSCR1/CD226/ATP1B1/HERC5/CD4/MOV10/KYNU/HAVCR2/MUL1/CXCL2/FGL2/IRF7/STAT1/IL1B/OAS2/ZNF683/DHX58/TRIM5/DDX60L/ISG20/RTP4/EREG/BST2/S100A9/CIITA/PARP9/GNLY/TMED1/IKBKE/GBP5/APOBEC3H/CACTIN/SLC11A1/IFITM3/IFIT2/TSPAN32/DDX60/AIM2/IFNG/CADM1/EIF2AK2/LILRB1/GZMB/SERINC5/PLPP6/PML/DTX3L/TRAF6/ZBP1/TNK2/IL6/FASLG/PRF1/S100A8/LAG3/NLRP3/CD55/SLA/IRF9/IL12RB1/CCL3/JAK3/KLRD1/BCL2L1/TRIM34/PRDM1/PGLYRP2/TRIM22/OASL/PRDX1/SLAMF1/DUSP10/TRIM25
BP	GO:0019221	cytokine-mediated signaling pathway	245	0.45325322585998207	1.9603238328495252	2.3260342078641038e-8	4.625835763757524e-6	4.0472403074503485e-6	2053	tags=37%, list=21%, signal=30%	OAS3/OAS1/CXCL1/TNFRSF18/CXCL3/IFITM1/USP18/IL1RN/ISG15/MX1/CD4/IL18RAP/MUL1/CXCL2/PIAS3/IRF7/STAT1/IL1B/OAS2/TNFRSF4/EREG/PARP9/IKBKE/CACTIN/IFITM3/PLCB1/CCR5/AIM2/IFNG/HSPA1B/LILRB1/IL1A/TRAF6/ZBP1/IRAK2/IL6/IL12RB1/CCL3/JAK3/CCRL2/OSM/TNFRSF25/OASL/FER/SPHK1/IL7R/STAT4/TNFRSF1B/HSPA1A/MKKS/IRAK3/PARP14/TNFRSF14/IL17RA/TNFAIP3/CXCL8/RNF185/AGPAT1/CCL20/RRAGA/CCL4/PYCARD/LAPTM5/TRIM56/JAK2/ADAR/BAD/CX3CR1/IL15/TNF/IFITM2/PPP2CB/BBS4/CEBPA/SIGIRR/IL1RAP/CARD16/SIRT1/IFNGR1/PLP2/CXCR4/TRADD/SAMHD1/SOCS1/WBP1L/HIF1A/MED1/ACTN4/PTPN6/CXCR3
BP	GO:0043207	response to external biotic stimulus	741	0.3493676367487044	1.6593024715886067	2.353570462596335e-8	4.625835763757524e-6	4.0472403074503485e-6	667	tags=15%, list=7%, signal=15%	RSAD2/IFIT1/OAS3/OAS1/CMPK2/CXCL1/IFI6/CXCL3/IFITM1/USP18/PTGS2/IFI35/IFIT3/MX2/IFI44L/NOD2/ISG15/SPON2/CLEC7A/MX1/CD68/PLSCR1/HERC6/CD226/ATP1B1/HERC5/CD4/MOV10/KYNU/HAVCR2/MUL1/CXCL2/FGL2/IRF7/STAT1/IL1B/OAS2/ZNF683/DHX58/TRIM5/SLC7A5/IFI44/HPGD/DDX60L/ISG20/RTP4/EREG/BST2/S100A9/NFKBIL1/CIITA/PARP9/GNLY/TRAV6/TMED1/CNP/IKBKE/GBP5/VCAM1/APOBEC3H/CACTIN/SLC11A1/IFITM3/IFIT2/TSPAN32/DDX60/CCR5/AIM2/IFNG/CADM1/FKBP5/EIF2AK2/LILRB1/GZMB/SERINC5/PLPP6/PML/IL1A/DTX3L/TRAF6/ZBP1/IRAK2/TNK2/IL6/FASLG/PRF1/C15orf48/S100A8/LAG3/NLRP3/CD55/SLA/IRF9/IL12RB1/CCL3/JAK3/KLRD1/BCL2L1/TRIM34/PRDM1/PGLYRP2/RARA/TRIM22/OASL/PRDX1/SLAMF1/DUSP10/TRIM25
BP	GO:0051707	response to other organism	741	0.3493676367487044	1.6593024715886067	2.353570462596335e-8	4.625835763757524e-6	4.0472403074503485e-6	667	tags=15%, list=7%, signal=15%	RSAD2/IFIT1/OAS3/OAS1/CMPK2/CXCL1/IFI6/CXCL3/IFITM1/USP18/PTGS2/IFI35/IFIT3/MX2/IFI44L/NOD2/ISG15/SPON2/CLEC7A/MX1/CD68/PLSCR1/HERC6/CD226/ATP1B1/HERC5/CD4/MOV10/KYNU/HAVCR2/MUL1/CXCL2/FGL2/IRF7/STAT1/IL1B/OAS2/ZNF683/DHX58/TRIM5/SLC7A5/IFI44/HPGD/DDX60L/ISG20/RTP4/EREG/BST2/S100A9/NFKBIL1/CIITA/PARP9/GNLY/TRAV6/TMED1/CNP/IKBKE/GBP5/VCAM1/APOBEC3H/CACTIN/SLC11A1/IFITM3/IFIT2/TSPAN32/DDX60/CCR5/AIM2/IFNG/CADM1/FKBP5/EIF2AK2/LILRB1/GZMB/SERINC5/PLPP6/PML/IL1A/DTX3L/TRAF6/ZBP1/IRAK2/TNK2/IL6/FASLG/PRF1/C15orf48/S100A8/LAG3/NLRP3/CD55/SLA/IRF9/IL12RB1/CCL3/JAK3/KLRD1/BCL2L1/TRIM34/PRDM1/PGLYRP2/RARA/TRIM22/OASL/PRDX1/SLAMF1/DUSP10/TRIM25
BP	GO:0009607	response to biotic stimulus	765	0.3439818179800953	1.6377547536155908	2.818243809069914e-8	5.0775359293409616e-6	4.442442214823364e-6	667	tags=14%, list=7%, signal=14%	RSAD2/IFIT1/OAS3/OAS1/CMPK2/CXCL1/IFI6/CXCL3/IFITM1/USP18/PTGS2/IFI35/IFIT3/MX2/IFI44L/NOD2/ISG15/SPON2/CLEC7A/MX1/CD68/PLSCR1/HERC6/CD226/ATP1B1/HERC5/CD4/MOV10/KYNU/HAVCR2/MUL1/CXCL2/FGL2/IRF7/STAT1/IL1B/OAS2/ZNF683/DHX58/TRIM5/SLC7A5/IFI44/HPGD/DDX60L/ISG20/RTP4/EREG/BST2/S100A9/NFKBIL1/CIITA/PARP9/GNLY/TRAV6/TMED1/CNP/IKBKE/GBP5/VCAM1/APOBEC3H/CACTIN/SLC11A1/IFITM3/IFIT2/TSPAN32/DDX60/CCR5/AIM2/IFNG/CADM1/FKBP5/EIF2AK2/LILRB1/GZMB/SERINC5/PLPP6/PML/IL1A/EIF2AK3/DTX3L/TRAF6/ZBP1/IRAK2/TNK2/IL6/FASLG/PRF1/C15orf48/S100A8/LAG3/NLRP3/CD55/SLA/IRF9/IL12RB1/CCL3/JAK3/KLRD1/BCL2L1/TRIM34/PRDM1/PGLYRP2/RARA/TRIM22/OASL/PRDX1/SLAMF1/DUSP10/TRIM25
BP	GO:0045069	regulation of viral genome replication	71	0.6239179195324405	2.2666266680506233	8.439612941241799e-8	1.4035725522280593e-5	1.228014935660851e-5	420	tags=21%, list=4%, signal=20%	RSAD2/IFIT1/OAS3/OAS1/IFITM1/ISG15/MX1/PLSCR1/OAS2/ISG20/BST2/APOBEC3H/IFITM3/EIF2AK2/MORC2
BP	GO:0050792	regulation of viral process	120	0.5412737796643791	2.134457612776291	9.336127525876923e-8	1.441764836496136e-5	1.2614301627068293e-5	667	tags=20%, list=7%, signal=19%	RSAD2/IFIT1/OAS3/OAS1/IFITM1/ISG15/MX1/PLSCR1/CD4/STAT1/OAS2/TRIM5/ISG20/LY6E/BST2/CIITA/APOBEC3H/IFITM3/EIF2AK2/MORC2/TRIM34/TRIM22/OASL/TRIM25
BP	GO:0019058	viral life cycle	212	0.45750024107001747	1.9458387538457005	2.8841278172117116e-7	4.156989560541147e-5	3.637036973704874e-5	667	tags=16%, list=7%, signal=15%	RSAD2/NCAM1/IFIT1/OAS3/OAS1/IFITM1/ISG15/NEDD4/MX1/PLSCR1/CD4/OAS2/TNFRSF4/TRIM5/ISG20/LY6E/BST2/CIITA/APOBEC3H/IFITM3/CCR5/EIF2AK2/HSPA1B/ITGAV/WWP2/MORC2/SLC3A2/CD55/TRIM34/TRIM22/OASL/SLAMF1/VPS18/TRIM25
BP	GO:0071345	cellular response to cytokine stimulus	430	0.38171540450801034	1.741711154326091	3.1621666566435164e-7	4.2728776947895514e-5	3.738429922360789e-5	2066	tags=31%, list=21%, signal=25%	IFIT1/OAS3/OAS1/CXCL1/TNFRSF18/CXCL3/IFITM1/USP18/IFIT3/IL1RN/ISG15/MX1/CD4/IL18RAP/MUL1/CXCL2/PIAS3/IRF7/STAT1/IL1B/OAS2/TNFRSF4/EREG/PARP9/KHSRP/IKBKE/GBP5/VCAM1/CACTIN/IFITM3/GFPT2/PLCB1/IFIT2/CCR5/AIM2/IFNG/HSPA1B/LILRB1/PML/IL1A/TRAF6/ZBP1/IRAK2/IL6/FASLG/RARG/IL12RB1/CCL3/JAK3/NFIL3/CCRL2/OSM/TNFRSF25/OASL/TRIM25/THBS1/RORA/FER/SPOCK2/WDR35/SPHK1/GBP4/IL7R/STAT4/TNFRSF1B/VPS26B/SNX10/KEAP1/HSPA1A/MKKS/NFATC1/IRAK3/GBP1/PARP14/FLNB/CTBP2/TNFRSF14/IL17RA/PARP16/AIF1/TNFAIP3/CXCL8/STXBP4/RNF185/SLC12A2/AGPAT1/CCL20/RRAGA/LSP1/XBP1/CCL4/PMM1/EPS8/ETV3/PYCARD/LAPTM5/TRIM56/JAK2/ADAR/BAD/CX3CR1/TUBA1B/GSK3A/IL15/TNF/IFITM2/CDK4/PPP2CB/BBS4/IMPDH2/CEBPA/SIGIRR/IL1RAP/CARD16/SIRT1/SYNGR1/IFNGR1/PLP2/CXCR4/TRADD/SAMHD1/SOCS1/WBP1L/SMPD4/CD47/HIF1A/IFI16/MED1/ACTN4/PTPN6/CXCR3/STXBP3
BP	GO:0045087	innate immune response	450	0.3771950033052258	1.7273673057374004	3.761443187247798e-7	4.783670688723376e-5	4.18533337924724e-5	667	tags=17%, list=7%, signal=16%	RSAD2/IFIT1/OAS3/OAS1/IFI6/IFITM1/USP18/IFI35/IFIT3/MX2/NOD2/ISG15/SPON2/CLEC7A/MX1/PLSCR1/CD226/ATP1B1/HERC5/KYNU/HAVCR2/MUL1/IRF7/STAT1/OAS2/ZNF683/DHX58/TRIM5/ISG20/EREG/BST2/S100A9/CIITA/PARP9/TMED1/IKBKE/GBP5/APOBEC3H/CACTIN/SLC11A1/IFITM3/IFIT2/DDX60/AIM2/IFNG/CADM1/EIF2AK2/LILRB1/GZMB/SERINC5/PLPP6/PML/DTX3L/TRAF6/ZBP1/TNK2/FASLG/S100A8/LAG3/NLRP3/CD55/SLA/IL12RB1/CCL3/JAK3/KLRD1/TRIM34/PRDM1/PGLYRP2/TRIM22/OASL/PRDX1/SLAMF1/DUSP10/TRIM25
BP	GO:0009617	response to bacterium	276	0.41537361945978746	1.817614663464578	8.572758282293808e-7	1.0296835225732896e-4	9.008916159814018e-5	1307	tags=25%, list=14%, signal=22%	OAS3/OAS1/CMPK2/CXCL1/CXCL3/USP18/PTGS2/NOD2/ISG15/SPON2/CD68/HERC6/CD4/HAVCR2/CXCL2/IL1B/OAS2/DHX58/TRIM5/SLC7A5/IFI44/HPGD/S100A9/NFKBIL1/GNLY/TRAV6/CNP/GBP5/VCAM1/CACTIN/SLC11A1/CCR5/FKBP5/LILRB1/IL1A/TRAF6/IRAK2/IL6/FASLG/C15orf48/S100A8/NLRP3/CD55/CCL3/PGLYRP2/RARA/DUSP10/FER/ABCA1/TENT5A/GBP4/IL7R/TNFRSF1B/TSPO/GSDMD/PRDX2/S100A12/IRAK3/EMILIN2/NOD1/TNFRSF14/CFD/GRN/TNFAIP3/CXCL8/PTGER4/CEP192/CCL20/SNX3
BP	GO:0051701	biological process involved in interaction with host	119	0.5020030603861868	1.9786068836200597	1.8664597766153167e-6	2.1238347563380604e-4	1.8581873787134202e-4	1496	tags=29%, list=15%, signal=25%	NCAM1/IFIT1/IFITM1/PLSCR1/CD4/TNFRSF4/TRIM5/LY6E/CIITA/IFITM3/CCR5/HSPA1B/ITGAV/WWP2/SLC3A2/CD55/BCL2L1/TRIM34/PGLYRP2/TRIM22/SLAMF1/VPS18/TRIM25/HSPA1A/FCN1/CHMP1B/TNFRSF14/DAG1/CXCL8/SNX3/LGALS1/SLC1A5/CTSB/CHMP5/ITGB1
BP	GO:0032496	response to lipopolysaccharide	160	0.4687674035681095	1.9221233247747649	3.915250209581775e-6	3.931232387774651e-4	3.439517308939602e-4	1785	tags=34%, list=18%, signal=28%	CMPK2/CXCL1/CXCL3/PTGS2/NOD2/SPON2/CD68/HAVCR2/CXCL2/IL1B/TRIM5/SLC7A5/HPGD/S100A9/NFKBIL1/CNP/VCAM1/CACTIN/SLC11A1/CCR5/LILRB1/IL1A/TRAF6/IRAK2/IL6/FASLG/S100A8/NLRP3/CD55/CCL3/RARA/DUSP10/FER/ABCA1/TNFRSF1B/TSPO/PRDX2/IRAK3/TNFAIP3/CXCL8/PTGER4/XBP1/CHMP5/PYCARD/SOD2/BCR/JAK2/CX3CR1/TNF/MAPKAPK3/CDK4/TNIP1/JUND/SIGIRR/CARD16
BP	GO:0033993	response to lipid	418	0.3648794502186217	1.6607475272410155	3.868568007855992e-6	3.931232387774651e-4	3.439517308939602e-4	748	tags=15%, list=8%, signal=14%	INHBA/CES1/AKR1C3/CMPK2/CXCL1/CXCL3/PTGS2/SOCS2/CD38/IL1RN/NOD2/SPON2/NEDD4/CD68/EFNA5/HAVCR2/CXCL2/IL1B/IGF1R/TRIM5/SLC7A5/HPGD/ABCG1/S100A9/NFKBIL1/CNP/VCAM1/CACTIN/SLC11A1/AREG/PLCB1/TMEM161A/CCR5/HSPA1B/LILRB1/IL1A/GIPR/TRAF6/PRMT2/IRAK2/IL6/FASLG/S100A8/RARG/NLRP3/CD55/CCL3/DNMT3A/SPHK2/PMEPA1/TESC/RARA/CRY1/VPS18/DUSP10/TRIM25/THBS1/ABCA2/RORA/FER/ABCA1/PTCH1
BP	GO:0001817	regulation of cytokine production	394	0.36250036327341517	1.6400017472322963	4.00032897923415e-6	3.931232387774651e-4	3.439517308939602e-4	2036	tags=31%, list=21%, signal=25%	RSAD2/OAS3/INHBA/OAS1/PTGS2/NOD2/ISG15/SPON2/CLEC7A/CD226/CD4/HAVCR2/MUL1/IRF7/STAT1/IL1B/OAS2/ARNT/DHX58/SLC7A5/EREG/BST2/NFKBIL1/SULF2/GBP5/CACTIN/SLC11A1/PLCB1/AIM2/IFNG/CADM1/EIF2AK2/HSPA1B/LILRB1/ITGAV/PML/IL1A/EIF2AK3/TWSG1/TRAF6/IL6/LAG3/NLRP3/CD55/IL12RB1/CCL3/JAK3/SPHK2/PGLYRP2/OSM/RARA/SLAMF1/C3AR1/THBS1/INPP5D/RORA/UBASH3A/CARD11/BCL6/SPHK1/ARRB1/RELB/TNFRSF1B/TSPO/CD40LG/GSDMD/HSPA1A/MAST2/IRAK3/FCN1/IRF4/GBP1/PNP/NOD1/HLA-F/TNFRSF14/IL17RA/TBX21/AIF1/TNFAIP3/PTGER4/AGPAT1/RFTN1/BATF/POLR3C/XBP1/ARRB2/CD2/PYCARD/LAPTM5/MAP2K5/TRIM56/JAK2/SMAD3/CX3CR1/FRMD8/ITK/IL15/RIPK3/TNF/SIGIRR/IL1RAP/CARD16/SIRT1/TLR1/IFNGR1/PRNP/IFIH1/POLR3F/CD6/PARK7/SOCS1/LY9/ATG5/BTN3A3/MAPKBP1/CD47/HIF1A/IFI16/NPTN/PTPN6
BP	GO:0019079	viral genome replication	104	0.5160830241161258	1.995243899657694	5.555448392701764e-6	5.117377571389739e-4	4.477300499433935e-4	420	tags=14%, list=4%, signal=14%	RSAD2/IFIT1/OAS3/OAS1/IFITM1/ISG15/MX1/PLSCR1/OAS2/ISG20/BST2/APOBEC3H/IFITM3/EIF2AK2/MORC2
BP	GO:0002237	response to molecule of bacterial origin	164	0.4642076261813306	1.91254318553925	5.680715157879451e-6	5.117377571389739e-4	4.477300499433935e-4	1812	tags=34%, list=19%, signal=28%	CMPK2/CXCL1/CXCL3/PTGS2/NOD2/SPON2/CD68/HAVCR2/CXCL2/IL1B/TRIM5/SLC7A5/HPGD/S100A9/NFKBIL1/CNP/VCAM1/CACTIN/SLC11A1/CCR5/LILRB1/IL1A/TRAF6/IRAK2/IL6/FASLG/S100A8/NLRP3/CD55/CCL3/RARA/DUSP10/FER/ABCA1/TNFRSF1B/TSPO/PRDX2/IRAK3/TNFAIP3/CXCL8/PTGER4/XBP1/CHMP5/PYCARD/SOD2/BCR/JAK2/CX3CR1/TNF/MAPKAPK3/CDK4/TNIP1/JUND/SIGIRR/CARD16/TLR1
BP	GO:0060759	regulation of response to cytokine stimulus	99	0.5218047816605813	1.9973434207178116	6.252144898540665e-6	5.406854908257967e-4	4.730570266390558e-4	2036	tags=36%, list=21%, signal=29%	OAS3/OAS1/USP18/IL1RN/ISG15/MUL1/IRF7/PARP9/IKBKE/CACTIN/HSPA1B/ZBP1/IRAK2/IL6/SPHK1/HSPA1A/IRAK3/PARP14/TNFAIP3/RNF185/AGPAT1/PYCARD/LAPTM5/MAP2K5/TRIM56/ADAR/PPP2CB/SIGIRR/CARD16/IFIH1/CXCR4/SAMHD1/SOCS1/HIF1A/MED1/PTPN6
BP	GO:0016032	viral process	300	0.38910301580251	1.7172605573316388	8.969748611609638e-6	7.182443147518532e-4	6.28406949515108e-4	2198	tags=31%, list=23%, signal=24%	RSAD2/NCAM1/IFIT1/OAS3/OAS1/IFITM1/ISG15/NEDD4/MX1/PLSCR1/CD4/IRF7/STAT1/OAS2/TNFRSF4/TRIM5/ISG20/LY6E/BST2/CIITA/PARP9/APOBEC3H/IFITM3/ST3GAL4/CCR5/EIF2AK2/HSPA1B/ITGAV/WWP2/MORC2/SLC3A2/CD55/CCL3/BCL2L1/TRIM34/TRIM22/OASL/SLAMF1/VPS18/TRIM25/MVB12B/HSPA1A/ST6GAL1/FCN1/STOM/CTBP2/CHMP1B/TNFRSF14/ST6GALNAC4/DAG1/PARP16/CXCL8/SNX3/LGALS1/SLC1A5/CTSB/CCL4/PARD6A/CHMP5/KPNA2/ITGB1/ATG16L2/NMT2/ADAR/MGAT5/GSK3A/TMEM250/JUN/TNF/IFITM2/TNIP1/EIF3F/IFIH1/SLC7A1/EIF3D/CXCR4/SCARB2/ATG5/SSB/CTBP1/IFI16/EIF3G/PPIA/MGAT4A/DYNLT1/HSPA8/ZDHHC8/NPC1/LAMTOR5/TRIM13/CHMP2A/SNF8
BP	GO:0001816	cytokine production	400	0.3630106603592377	1.6446488371252799	8.76219605408861e-6	7.182443147518532e-4	6.28406949515108e-4	1325	tags=22%, list=14%, signal=20%	RSAD2/OAS3/INHBA/OAS1/PTGS2/NOD2/ISG15/SPON2/CLEC7A/CD226/CD4/HAVCR2/MUL1/IRF7/STAT1/IL1B/OAS2/ARNT/DHX58/SLC7A5/EREG/BST2/NFKBIL1/SULF2/GBP5/CACTIN/SLC11A1/PLCB1/AIM2/IFNG/CADM1/EIF2AK2/HSPA1B/LILRB1/ITGAV/PML/IL1A/EIF2AK3/TWSG1/TRAF6/IL6/LAG3/NLRP3/CD55/IL12RB1/CCL3/JAK3/SPHK2/PGLYRP2/OSM/RARA/SLAMF1/C3AR1/THBS1/INPP5D/RORA/UBASH3A/CARD11/BCL6/SPHK1/ARRB1/RELB/TNFRSF1B/TSPO/CD40LG/GSDMD/HSPA1A/MAST2/NFATC1/IRAK3/FCN1/IRF4/GBP1/PNP/NOD1/HLA-F/TNFRSF14/IL17RA/TBX21/AIF1/TNFAIP3/PTGER4/ADGRG1/AGPAT1/RFTN1/BATF/POLR3C
BP	GO:0046718	viral entry into host cell	80	0.5517939929231126	2.047346945869317	1.1512687488787418e-5	8.889439410985141e-4	7.777556171936462e-4	1496	tags=36%, list=15%, signal=31%	NCAM1/IFITM1/PLSCR1/CD4/TNFRSF4/TRIM5/LY6E/CIITA/IFITM3/CCR5/HSPA1B/ITGAV/WWP2/SLC3A2/CD55/TRIM34/TRIM22/SLAMF1/VPS18/TRIM25/HSPA1A/FCN1/TNFRSF14/DAG1/SNX3/LGALS1/SLC1A5/CTSB/ITGB1
BP	GO:0044409	entry into host	85	0.5287144639441556	1.9794463489834189	1.5226855552926579e-5	0.0011271946901159745	9.862061727145463e-4	1496	tags=35%, list=15%, signal=30%	NCAM1/IFITM1/PLSCR1/CD4/TNFRSF4/TRIM5/LY6E/CIITA/IFITM3/CCR5/HSPA1B/ITGAV/WWP2/SLC3A2/CD55/TRIM34/TRIM22/SLAMF1/VPS18/TRIM25/HSPA1A/FCN1/TNFRSF14/DAG1/CXCL8/SNX3/LGALS1/SLC1A5/CTSB/ITGB1
BP	GO:0071216	cellular response to biotic stimulus	134	0.4657009919930785	1.869674024500416	1.6114878513934073e-5	0.0011271946901159745	9.862061727145463e-4	1910	tags=34%, list=20%, signal=28%	CMPK2/CXCL1/CXCL3/NOD2/SPON2/CLEC7A/CD68/HAVCR2/CXCL2/IL1B/TRIM5/SLC7A5/NFKBIL1/CACTIN/CCR5/LILRB1/IL1A/EIF2AK3/TRAF6/IRAK2/IL6/NLRP3/CD55/CCL3/RARA/ABCA1/TNFRSF1B/ATG10/TSPO/PRDX2/TNFAIP3/CXCL8/XBP1/CHMP5/PYCARD/BCR/JAK2/CX3CR1/TNF/CDK4/TNIP1/SIGIRR/CARD16/TLR1/TXNIP/CD6
BP	GO:0001819	positive regulation of cytokine production	267	0.3974026649967918	1.7333115976228284	1.616236604699131e-5	0.0011271946901159745	9.862061727145463e-4	1325	tags=24%, list=14%, signal=21%	RSAD2/OAS3/OAS1/PTGS2/NOD2/ISG15/SPON2/CLEC7A/CD226/CD4/HAVCR2/IRF7/STAT1/IL1B/OAS2/ARNT/DHX58/SLC7A5/EREG/SULF2/GBP5/SLC11A1/PLCB1/AIM2/IFNG/CADM1/EIF2AK2/HSPA1B/LILRB1/IL1A/EIF2AK3/TRAF6/IL6/NLRP3/CD55/IL12RB1/CCL3/SPHK2/OSM/RARA/SLAMF1/C3AR1/THBS1/RORA/CARD11/SPHK1/CD40LG/GSDMD/HSPA1A/IRAK3/FCN1/IRF4/PNP/NOD1/HLA-F/TNFRSF14/IL17RA/TBX21/AIF1/PTGER4/AGPAT1/RFTN1/BATF/POLR3C
BP	GO:0006954	inflammatory response	353	0.3719976205681743	1.6666097574492063	1.746215987097663e-5	0.0011797871762828584	0.0010322204371100328	1833	tags=28%, list=19%, signal=24%	PROK2/CXCL1/CXCL3/USP18/PTGS2/IFI35/THEMIS2/IL1RN/NOD2/CLEC7A/CD68/PLSCR1/IL18RAP/HAVCR2/CXCL2/TNFAIP6/ALOX5AP/IL1B/TNFRSF4/SERPINA1/TSPAN2/S100A9/CIITA/PLGRKT/TIMP1/GBP5/VCAM1/SLC11A1/CCR5/AIM2/IFNG/IL1A/OLR1/CAMK2N1/ZBP1/IRAK2/IL6/LXN/AOAH/S100A8/NLRP3/CCL3/CCRL2/PGLYRP2/OSM/SETD6/SLAMF1/DUSP10/C3AR1/THBS1/RORA/BCL6/SPHK1/METRNL/AHCY/ADORA2A/CTNNBIP1/RELB/HDAC4/TNFRSF1B/CD40LG/GSDMD/PRDX2/S100A12/NOD1/GRN/IL17RA/SCYL1/AIF1/TNFAIP3/CXCL8/PTGER4/CCL20/LGALS1/ABHD12/CCL4/ITGB1/JAM3/PYCARD/BCR/RHBDF2/LTB4R/JAK2/SMAD3/CX3CR1/LYZ/LIPA/IL15/FEM1A/JUN/TNF/APOL2/CEBPA/TNIP1/SIGIRR/IL1RAP/TLR1/ADA/IFNGR1/PLCG1
BP	GO:0001959	regulation of cytokine-mediated signaling pathway	92	0.5286757093114933	2.0032955200143383	2.0235918947460365e-5	0.0013257592958911912	0.0011599344927778717	2036	tags=37%, list=21%, signal=29%	OAS3/OAS1/USP18/IL1RN/ISG15/MUL1/IRF7/PARP9/IKBKE/CACTIN/HSPA1B/ZBP1/IRAK2/IL6/SPHK1/HSPA1A/IRAK3/PARP14/TNFAIP3/RNF185/AGPAT1/PYCARD/LAPTM5/TRIM56/ADAR/PPP2CB/SIGIRR/CARD16/CXCR4/SAMHD1/SOCS1/HIF1A/MED1/PTPN6
BP	GO:0002831	regulation of response to biotic stimulus	227	0.40490265319984775	1.7358166515636493	2.5777729708088483e-5	0.001639160342026097	0.0014341356125521672	664	tags=17%, list=7%, signal=16%	IFIT1/OAS3/OAS1/USP18/IFI35/NOD2/ISG15/CLEC7A/PLSCR1/CD226/HERC5/HAVCR2/MUL1/FGL2/IRF7/STAT1/IL1B/DHX58/TRIM5/EREG/NFKBIL1/PARP9/IKBKE/GBP5/CACTIN/TSPAN32/DDX60/AIM2/CADM1/LILRB1/DTX3L/TRAF6/ZBP1/LAG3/CD55/IL12RB1/KLRD1/OASL/DUSP10
BP	GO:0071222	cellular response to lipopolysaccharide	111	0.49699233313119007	1.9396289423788071	2.6755500128742115e-5	0.0016527254650954416	0.001446004021995476	1785	tags=36%, list=18%, signal=30%	CMPK2/CXCL1/CXCL3/NOD2/SPON2/CD68/HAVCR2/CXCL2/IL1B/TRIM5/SLC7A5/NFKBIL1/CACTIN/CCR5/LILRB1/IL1A/TRAF6/IRAK2/IL6/NLRP3/CD55/CCL3/RARA/ABCA1/TNFRSF1B/TSPO/PRDX2/TNFAIP3/CXCL8/XBP1/CHMP5/PYCARD/BCR/JAK2/CX3CR1/TNF/CDK4/TNIP1/SIGIRR/CARD16
BP	GO:0071219	cellular response to molecule of bacterial origin	113	0.4930822466377983	1.9295649742099312	3.1857901348884267e-5	0.0019132439643413273	0.001673937097191375	1812	tags=36%, list=19%, signal=30%	CMPK2/CXCL1/CXCL3/NOD2/SPON2/CD68/HAVCR2/CXCL2/IL1B/TRIM5/SLC7A5/NFKBIL1/CACTIN/CCR5/LILRB1/IL1A/TRAF6/IRAK2/IL6/NLRP3/CD55/CCL3/RARA/ABCA1/TNFRSF1B/TSPO/PRDX2/TNFAIP3/CXCL8/XBP1/CHMP5/PYCARD/BCR/JAK2/CX3CR1/TNF/CDK4/TNIP1/SIGIRR/CARD16/TLR1
MF	GO:0005102	signaling receptor binding	544	0.32718186403282334	1.5209202522187917	4.0572732261804385e-5	0.0023707634364870563	0.002074230437395803	880	tags=16%, list=9%, signal=16%	INHBA/PROK2/S100B/CXCL1/CXCL3/TRAV29DV5/BMP8A/SOCS2/GNAL/IL1RN/ISG15/CLEC7A/NEDD4/PLSCR1/CD226/JAML/TYMP/EFNA5/CD4/CXCL2/PIK3R2/FGL2/STAT1/IL1B/P2RX4/IGF1R/ARNT/PCSK1N/RTP4/EREG/BBS1/S100A9/SYTL3/TMED1/TIMP1/VCAM1/AREG/IFNG/CADM1/HSPA1B/LILRB1/ITGAV/HOMER1/IL1A/NBL1/TRAF6/ARHGEF12/NXPH4/PRMT2/TNK2/IL6/FASLG/TGFBR3L/BEX5/HDGFL3/S100A8/RABEP2/LAG3/SLA/IL12RB1/CCL3/PLAUR/JAK3/KLRD1/AP2A1/USP20/CCRL2/LGR6/OSM/RARA/RPGRIP1L/PDCL3/TRIM25/MTRNR2L12/SYTL1/THBS1/TOB1/GNAO1/FER/ABCA1/PTCH1/SYTL2/FERMT3/METRNL/ADORA2A/ARRB1/DNM2/DOK2
BP	GO:0044000	movement in host	106	0.48721515499555673	1.8875840747167225	6.888766241664127e-5	0.00391934542486259	0.0034291171568616163	1496	tags=30%, list=15%, signal=26%	NCAM1/IFITM1/PLSCR1/CD4/TNFRSF4/TRIM5/LY6E/CIITA/IFITM3/CCR5/HSPA1B/ITGAV/WWP2/SLC3A2/CD55/TRIM34/TRIM22/SLAMF1/VPS18/TRIM25/HSPA1A/FCN1/CHMP1B/TNFRSF14/DAG1/CXCL8/SNX3/LGALS1/SLC1A5/CTSB/CHMP5/ITGB1
BP	GO:0050777	negative regulation of immune response	108	0.4620756944592212	1.7983863959335353	1.4142026957728528e-4	0.007839759559643354	0.0068591693503476815	1580	tags=32%, list=16%, signal=27%	OAS3/OAS1/USP18/NOD2/ISG15/HAVCR2/MUL1/FGL2/DHX58/CACTIN/CD300A/LILRB1/CD55/JAK3/KLRD1/PGLYRP2/SLAMF1/DUSP10/INPP5D/FER/DUSP22/BCL6/IL7R/IRAK3/PARP14/HLA-F/TNFRSF14/GRN/TBX21/TNFAIP3/ARRB2/BCR/RHBDF2/CD59/ADAR
BP	GO:0050688	regulation of defense response to virus	54	0.568140223318675	1.958376071450846	1.6570400285421887e-4	0.00895630135427053	0.007836055082342929	546	tags=24%, list=6%, signal=23%	IFIT1/HERC5/MUL1/FGL2/STAT1/IL1B/DHX58/PARP9/TSPAN32/AIM2/LILRB1/DTX3L/IL12RB1
BP	GO:0014070	response to organic cyclic compound	413	0.3340451172230367	1.5190024351159834	1.7949087426258984e-4	0.00946486024770047	0.008281003878045545	870	tags=13%, list=9%, signal=12%	IFIT1/INHBA/CES1/AKR1C3/USP18/PTGS2/SOCS2/GNAL/CD38/IL1RN/NOD2/NEDD4/EFNA5/P2RX5/KYNU/MUL1/STAT1/IL1B/P2RX4/IGF1R/HPGD/MMP19/IMPACT/AREG/PLCB1/CCR5/HSPA1B/HOMER1/IL1A/TP53I13/SLC3A2/PRMT2/IL6/CCL3/DNMT3A/BCL2L1/RUNX2/DHFR/CASP7/PMEPA1/RARA/CRY1/VPS18/TRIM25/MGMT/THBS1/ABCA2/RORA/GNAO1/PTCH1/DUSP6/ADORA2A/PLPP1/DNM2
BP	GO:0010817	regulation of hormone levels	179	0.39913334922211785	1.6623572176821313	2.4391609564321115e-4	0.012555871399538631	0.010985394081976201	1698	tags=26%, list=18%, signal=22%	INHBA/AKR1C3/BMP8A/CD38/IL1RN/EFNA5/SLC39A14/SRD5A3/RAB11FIP5/IL1B/IGF1R/ARNT/SLC7A5/PCSK1N/BBS1/ECE1/STX1A/PER2/IFNG/GIPR/HSD17B8/IL6/OSM/CRY1/KLF7/HADH/HSD17B11/RDH10/TSPO/FKBP1B/SELENOM/SLC16A1/UQCC2/STXBP4/SELENOT/PRMT3/RAB11FIP3/CTSB/STARD3/ACSL4/POR/JAK2/BAD/HSD17B12/TNF/SIDT2
BP	GO:0071396	cellular response to lipid	295	0.36602866609918466	1.612479113519276	2.673528427236789e-4	0.013442252231827764	0.011760907181749106	748	tags=14%, list=8%, signal=13%	INHBA/CES1/AKR1C3/CMPK2/CXCL1/CXCL3/NOD2/SPON2/NEDD4/CD68/EFNA5/HAVCR2/CXCL2/IL1B/IGF1R/TRIM5/SLC7A5/NFKBIL1/CACTIN/PLCB1/CCR5/HSPA1B/LILRB1/IL1A/TRAF6/PRMT2/IRAK2/IL6/RARG/NLRP3/CD55/CCL3/SPHK2/PMEPA1/TESC/RARA/CRY1/VPS18/RORA/ABCA1/PTCH1
BP	GO:0031347	regulation of defense response	347	0.3476246383268403	1.55453946640971	3.0325857181543446e-4	0.014901023460567483	0.013037216592161142	833	tags=16%, list=9%, signal=15%	IFIT1/OAS3/OAS1/USP18/PTGS2/IFI35/NOD2/ISG15/CLEC7A/PLSCR1/CD226/HERC5/HAVCR2/MUL1/TNFAIP6/FGL2/IRF7/ALOX5AP/STAT1/IL1B/DHX58/TRIM5/EREG/S100A9/PARP9/IKBKE/GBP5/CACTIN/TSPAN32/AIM2/IFNG/CADM1/LILRB1/DTX3L/TRAF6/CAMK2N1/ZBP1/IL6/AOAH/S100A8/LAG3/NLRP3/IL12RB1/CCL3/KLRD1/PGLYRP2/OSM/SETD6/DUSP10/RORA/BCL6/SPHK1/METRNL/ADORA2A
BP	GO:1901701	cellular response to oxygen-containing compound	561	0.304258226846129	1.4170393947817046	3.2279142726445326e-4	0.015508334794349954	0.013568565960098772	1958	tags=24%, list=20%, signal=21%	INHBA/CES1/AKR1C3/CMPK2/CXCL1/CXCL3/PTGS2/SOCS2/GNAL/NOD2/SPON2/CLEC7A/CD68/EFNA5/HAVCR2/SLC39A14/CXCL2/PIK3R2/RAB11FIP5/STAT1/IL1B/P2RX4/IGF1R/TRIM5/SLC7A5/RPTOR/MAP2K6/NFKBIL1/VCAM1/IMPACT/CACTIN/PLCB1/CCR5/LILRB1/IL1A/TRAF6/IRAK2/IL6/SIK2/RARG/NLRP3/CD55/CCL3/DNMT3A/JAK3/SPHK2/BCL2L1/DHFR/TESC/RARA/SLC2A8/PRDX1/RORA/GNAO1/KLF7/FER/ABCA1/PTCH1/PDK2/SPHK1/CASTOR2/SESN2/DNM2/KLHL22/TNFRSF1B/NSMF/TSPO/SIGMAR1/RHOB/PRDX2/FKBP1B/ELK1/NOD1/AKT2/AGTRAP/DAG1/TXN/KAT2B/AIF1/TNFAIP3/CXCL8/STK26/PTGER4/STXBP4/SLC12A7/SELENOT/RRAGA/DDIT4/XBP1/ARRB2/ENDOG/GKAP1/PIP4K2B/ESD/CHMP5/DCPS/PYCARD/SOD2/POR/BCR/PIH1D1/PXN/JAK2/BAD/CX3CR1/AQP9/SLC9A1/GOT1/STK25/PKM/GSK3A/IL15/RIPK3/KLF9/JUN/TNF/SIDT2/CDK4/TNIP1/SIGIRR/CARD16/TSC2/PDXP/SIRT1/ADRB2/FXN/PRNP/RANGAP1/ZNF277/CD6/PIK3R3/SYAP1/PINK1/PARK7/UCP2/SOCS1
BP	GO:0002822	regulation of adaptive immune response based on somatic recombination of immune receptors built from immunoglobulin superfamily domains	107	0.44854349653702796	1.743351444091054	3.367750352786073e-4	0.015828426658094544	0.013848621015918928	1329	tags=25%, list=14%, signal=22%	RSAD2/NOD2/CLEC7A/CD226/CD4/HAVCR2/IL1B/SLC11A1/LILRB1/TRAF6/IL6/NLRP3/CD55/IL12RB1/JAK3/KLRD1/SLAMF1/DUSP22/BCL6/IL7R/TNFRSF1B/JUNB/HLA-F/TBX21/TNFAIP3/BATF/KMT5C
BP	GO:0032103	positive regulation of response to external stimulus	229	0.37705679481759224	1.6175173713008089	3.451852486604907e-4	0.015878521438382573	0.013892449985283354	1762	tags=29%, list=18%, signal=24%	PTGS2/IFI35/NOD2/CLEC7A/PLSCR1/CD226/HAVCR2/IRF7/ALOX5AP/IL1B/P2RX4/IGF1R/DHX58/TRIM5/EREG/S100A9/PARP9/IKBKE/GBP5/DDX60/AIM2/IFNG/CADM1/TRAF6/CAMK2N1/ZBP1/IL6/S100A8/LAG3/NLRP3/CCL3/KLRD1/OSM/OASL/SLAMF1/C3AR1/THBS1/NEDD9/STX3/S100A12/FKBP1B/FCN1/EMILIN2/NOD1/HLA-F/GRN/IL17RA/STK24/AIF1/CXCL8/PTGER4/RNF185/POLR3C/LGALS1/CCL4/PYCARD/TRIM56/JAK2/SMAD3/CX3CR1/IL15/FEM1A/TNF/CEBPA/TNIP1/RNF31
BP	GO:0002819	regulation of adaptive immune response	122	0.4438158934048403	1.7573070322062934	3.699037296188238e-4	0.016661080488247854	0.014577127239583909	1329	tags=25%, list=14%, signal=21%	RSAD2/NOD2/CLEC7A/CD226/CD4/HAVCR2/IRF7/IL1B/SLC11A1/LILRB1/TRAF6/IL6/NLRP3/CD55/IL12RB1/JAK3/KLRD1/SLAMF1/DUSP10/DUSP22/BCL6/IL7R/TNFRSF1B/JUNB/HLA-F/TNFRSF14/TBX21/TNFAIP3/BATF/KMT5C
BP	GO:0002367	cytokine production involved in immune response	67	0.533480410596309	1.9203684049110512	3.8836354015622636e-4	0.01679283947635523	0.014692405929699762	1240	tags=34%, list=13%, signal=30%	RSAD2/NOD2/SPON2/CLEC7A/CD226/IL1B/SLC7A5/BST2/LILRB1/TRAF6/IL6/NLRP3/CD55/JAK3/SPHK2/SLAMF1/BCL6/TNFRSF1B/IRAK3/NOD1/HLA-F/TNFRSF14/TBX21
BP	GO:0002718	regulation of cytokine production involved in immune response	67	0.533480410596309	1.9203684049110512	3.8836354015622636e-4	0.01679283947635523	0.014692405929699762	1240	tags=34%, list=13%, signal=30%	RSAD2/NOD2/SPON2/CLEC7A/CD226/IL1B/SLC7A5/BST2/LILRB1/TRAF6/IL6/NLRP3/CD55/JAK3/SPHK2/SLAMF1/BCL6/TNFRSF1B/IRAK3/NOD1/HLA-F/TNFRSF14/TBX21
BP	GO:0032609	interferon-gamma production	66	0.5182958352376384	1.8633463132154373	4.3226494890830417e-4	0.017178982086467173	0.015030250162803205	643	tags=21%, list=7%, signal=20%	INHBA/NOD2/ISG15/CLEC7A/CD226/HAVCR2/IL1B/SLC7A5/SLC11A1/LILRB1/IL12RB1/PGLYRP2/RARA/SLAMF1
BP	GO:0032649	regulation of interferon-gamma production	66	0.5182958352376384	1.8633463132154373	4.3226494890830417e-4	0.017178982086467173	0.015030250162803205	643	tags=21%, list=7%, signal=20%	INHBA/NOD2/ISG15/CLEC7A/CD226/HAVCR2/IL1B/SLC7A5/SLC11A1/LILRB1/IL12RB1/PGLYRP2/RARA/SLAMF1
BP	GO:0046890	regulation of lipid biosynthetic process	83	0.4811692586628454	1.7948364568063586	4.370231335595256e-4	0.017178982086467173	0.015030250162803205	976	tags=19%, list=10%, signal=17%	CES1/AKR1C3/PTGS2/IL1B/IGF1R/RPTOR/ABCG1/IFNG/IL1A/SPHK2/FABP5/ABCA2/SPHK1/RDH10/TSPO/SEC14L2
CC	GO:0005814	centriole	98	-0.43232045792508966	-1.7499440690317758	4.228755682802708e-4	0.017178982086467173	0.015030250162803205	2229	tags=43%, list=23%, signal=33%	TUBGCP3/PCNT/CEP295/SPICE1/CEP290/CEP135/CENPJ/CEP44/TEDC1/KIF2A/DCTN1/ROCK1/CFAP20/ALMS1/STARD9/SASS6/CEP63/HYLS1/CEP83/CEP76/CEP19/HERC2/CBY1/KIAA0586/LRRCC1/KIF3A/KIAA0753/CEP78/NIN/CNTROB/ODF2/RTTN/CEP170/SDCCAG8/SFI1/TOPORS/CEP104/CCHCR1/TSGA10/CEP152/CEP128/CAPG
BP	GO:1901700	response to oxygen-containing compound	761	0.2943598896914945	1.40097886688449	4.2833803590579814e-4	0.017178982086467173	0.015030250162803205	1808	tags=22%, list=19%, signal=20%	INHBA/CES1/AKR1C3/CMPK2/CXCL1/CXCL3/PTGS2/SOCS2/GNAL/CD38/NOD2/SPON2/CLEC7A/CD68/HBA2/EFNA5/P2RX5/KYNU/HAVCR2/SLC39A14/CXCL2/PIK3R2/RAB11FIP5/STAT1/IL1B/P2RX4/IGF1R/TRIM5/SLC7A5/HPGD/RPTOR/MAP2K6/EREG/S100A9/NFKBIL1/CNP/TIMP1/MMP19/VCAM1/IMPACT/CACTIN/SLC11A1/AREG/PLCB1/TMEM161A/CCR5/LILRB1/HOMER1/IL1A/GIPR/TXNRD2/TRAF6/IRAK2/IL6/FASLG/SIK2/MAN1A1/S100A8/RARG/NLRP3/CD55/INPPL1/CCL3/DNMT3A/JAK3/SPHK2/BCL2L1/RUNX2/DHFR/TESC/RARA/SLC2A8/PRDX1/CRY1/DUSP10/TRIM25/MGMT/THBS1/ABCA2/RORA/GNAO1/KLF7/FER/ABCA1/PTCH1/PDK2/COL6A2/HADH/SPHK1/CASTOR2/SESN2/DNM2/KLHL22/XRCC1/STAT4/TNFRSF1B/NSMF/TSPO/SIGMAR1/RHOB/PRDX2/IRAK3/FKBP1B/ST6GAL1/ELK1/NOD1/AKT2/TUFM/AGTRAP/DAG1/STK24/TXN/KAT2B/AIF1/TNFAIP3/CXCL8/STK26/PTGER4/STXBP4/SLC12A7/SELENOT/TNFSF10/RRAGA/DDIT4/XBP1/DMAP1/ARRB2/ENDOG/BAK1/GKAP1/PIP4K2B/EPS8/ESD/CHMP5/DCPS/PYCARD/SOD2/POR/BCR/PIH1D1/PXN/JAK2/BAD/CX3CR1/AQP9/SLC9A1/GOT1/STK25/GDAP2/PKM/GSK3A/IL15/RIPK3/KLF9/JUN/TNF/MAPKAPK3/SIDT2/CDK4/PPP2CB/TNIP1/JUND/SIGIRR/SDF4/CARD16/TSC2/PDXP/SIRT1/ADRB2
BP	GO:0045088	regulation of innate immune response	157	0.4075853158239492	1.6699208103580878	4.877610807238878e-4	0.018831061723661523	0.0164756891364817	566	tags=17%, list=6%, signal=16%	OAS3/OAS1/USP18/IFI35/NOD2/ISG15/CLEC7A/PLSCR1/CD226/HAVCR2/MUL1/IRF7/DHX58/TRIM5/EREG/PARP9/IKBKE/GBP5/CACTIN/AIM2/CADM1/LILRB1/TRAF6/ZBP1/LAG3/KLRD1
MF	GO:0030545	signaling receptor regulator activity	97	0.4479221524599873	1.7098263027722134	5.913166407730925e-4	0.022428536444761858	0.019623194893245564	668	tags=24%, list=7%, signal=22%	INHBA/CXCL1/CXCL3/BMP8A/IL1RN/TYMP/EFNA5/CXCL2/IL1B/EREG/LY6E/TIMP1/AREG/IFNG/IL1A/NBL1/IL6/FASLG/HDGFL3/RABEP2/CCL3/OSM/MTRNR2L12
BP	GO:0002709	regulation of T cell mediated immunity	51	0.5507021943754062	1.874945125376269	7.143610319762013e-4	0.026192321959153074	0.02291620943599887	1240	tags=31%, list=13%, signal=27%	RSAD2/NOD2/IL1B/LILRB1/TRAF6/IL6/NLRP3/CD55/IL12RB1/KLRD1/SLAMF1/DUSP22/IL7R/TNFRSF1B/HLA-F/TBX21
BP	GO:0006325	chromatin organization	427	-0.2933694207060801	-1.4265089452798145	7.147765937049175e-4	0.026192321959153074	0.02291620943599887	2960	tags=40%, list=31%, signal=29%	MSL3/SMARCD1/SET/KAT6B/ZNF827/PBRM1/RBM15/BRD4/ARID1B/ITGB3BP/BCL7B/KANSL2/TLK2/ARID4B/DNMT1/NSD1/ZMYND11/HDAC7/ANP32E/HMG20B/TDG/CHD1/KDM5A/SUPT6H/USP3/EYA3/YTHDC1/YEATS4/TET2/BRD8/HNRNPU/MYBBP1A/GATA3/SCMH1/ARID1A/TPR/CHD4/KMT2E/HDAC2/YY1/DDX21/RIOX1/PIK3CA/SETD5/PRMT7/KLF2/TRIM27/HMGB2/ZBTB1/BRD1/BABAM2/SETD2/BANP/RNF168/KANSL1/USP21/MTF2/RING1/GATAD2A/KMT2A/TSPYL1/BAZ2A/KAT6A/WAC/MSL1/TOX/BRCC3/GATAD1/CBX7/TADA2A/ARID2/HP1BP3/SUDS3/BPTF/NFRKB/CHD6/CGGBP1/RBM15B/PHF8/RERE/ASH1L/BRD3/HIRIP3/ASXL1/HMGN3/RNF20/HDAC6/NAP1L4/INO80D/ATXN7L3/EP300/SMARCC2/CBX5/RBBP5/EZH1/USP16/RNF8/TET3/TASOR2/BAZ1B/WBP2/KMT2C/HDAC8/KDM4B/SUZ12/RLIM/TTF2/ATRX/SS18/RCOR1/CDYL/CHD7/NSD3/GATAD2B/CBX4/ING5/RIF1/ING3/NCOR1/MTHFR/SRPK1/KDM2A/MBTD1/BRPF3/TAF6L/SMARCAL1/RB1/MYSM1/MCM3AP/EMSY/L3MBTL3/SS18L1/MEN1/HCFC1/POLE3/SMYD3/ATF7IP/PHF2/RAD54L2/EPC2/KDM7A/PRMT5/TLK1/UBR2/KMT5A/EHMT1/KDM3A/ZDBF2/SAMD1/EXOSC10/MSL2/DCAF1/ASF1A/KDM6A/RCBTB1/ACTR8/USP22/ARID4A/TASOR/EOMES/SMYD2/ERCC6/EZH2/MLLT3/BAZ2B/PHF19/KDM1B/MYC/USP49/NAP1L3/CHAF1A/DDX11
BP	GO:0031349	positive regulation of defense response	160	0.40419526415798385	1.6573531757710556	7.426448219430328e-4	0.02675996841734728	0.023412855175993508	612	tags=18%, list=6%, signal=17%	PTGS2/IFI35/NOD2/CLEC7A/PLSCR1/CD226/HAVCR2/IRF7/ALOX5AP/IL1B/TRIM5/EREG/S100A9/PARP9/IKBKE/GBP5/AIM2/IFNG/CADM1/TRAF6/CAMK2N1/ZBP1/IL6/S100A8/LAG3/NLRP3/CCL3/KLRD1/OSM
BP	GO:0044403	biological process involved in symbiotic interaction	180	0.38981680557412834	1.6242792168900626	7.783955393582955e-4	0.027588379608075985	0.024137649425830146	1719	tags=24%, list=18%, signal=20%	NCAM1/IFIT1/IFITM1/PLSCR1/CD4/TNFRSF4/TRIM5/LY6E/CIITA/IFITM3/CCR5/HSPA1B/ITGAV/WWP2/SLC3A2/CD55/CCL3/BCL2L1/TRIM34/PGLYRP2/TRIM22/SLAMF1/VPS18/TRIM25/SAP30/HSPA1A/FCN1/STOM/CHMP1B/TNFRSF14/DAG1/CXCL8/SNX3/LGALS1/SLC1A5/CTSB/CCL4/CHMP5/ITGB1/JAK2/CX3CR1/JUN/IFITM2/DDX39B
BP	GO:0042742	defense response to bacterium	93	0.4669401705618427	1.7720295134515072	8.039079441629768e-4	0.028033047988392835	0.02452669907743411	1200	tags=25%, list=12%, signal=22%	OAS3/OAS1/NOD2/ISG15/SPON2/CD4/HAVCR2/IL1B/OAS2/S100A9/GNLY/SLC11A1/IL6/S100A8/PGLYRP2/GBP4/IL7R/GSDMD/S100A12/EMILIN2/NOD1/TNFRSF14/GRN
BP	GO:0032101	regulation of response to external stimulus	472	0.31244928423062374	1.4379375840154083	8.19949639622567e-4	0.02813858922006333	0.024619039304958276	1588	tags=23%, list=16%, signal=20%	IFIT1/OAS3/OAS1/USP18/PTGS2/IFI35/NOD2/ISG15/CLEC7A/PLSCR1/CD226/HERC5/HAVCR2/MUL1/TNFAIP6/FGL2/IRF7/ALOX5AP/STAT1/IL1B/P2RX4/IGF1R/DHX58/TRIM5/EREG/S100A9/NFKBIL1/PARP9/IKBKE/GBP5/CACTIN/TSPAN32/DDX60/ST3GAL4/AIM2/IFNG/CADM1/LILRB1/DTX3L/NBL1/TRAF6/CAMK2N1/ZBP1/IL6/AOAH/S100A8/LAG3/NLRP3/CD55/IL12RB1/CCL3/PLAUR/KLRD1/PGLYRP2/OSM/SETD6/OASL/SLAMF1/DUSP10/C3AR1/THBS1/RORA/NEDD9/BCL6/SPHK1/METRNL/ADORA2A/SERPINB2/TNFRSF1B/STX3/MKKS/PRDX2/S100A12/IRAK3/FKBP1B/ST6GAL1/FCN1/EMILIN2/PARP14/NOD1/HLA-F/GRN/IL17RA/STK24/AIF1/TNFAIP3/CXCL8/PTGER4/RNF185/SLC12A2/POLR3C/LGALS1/ABHD12/ARRB2/CCL4/RYK/BAX/JAM3/PYCARD/BCR/RHBDF2/NMT2/TRIM56/JAK2/SMAD3/ADAR/CX3CR1
BP	GO:1905952	regulation of lipid localization	70	0.5065641917375832	1.8364657643795717	8.796877357125715e-4	0.028386341561351933	0.024835803001971576	1155	tags=27%, list=12%, signal=24%	CES1/IL1B/P2RX4/ABCG1/MAP2K6/IKBKE/ITGAV/IL1A/IL6/FASLG/CRY1/TTC39B/THBS1/ABCA2/ABCA1/PTCH1/TSPO/AKT2/SEC24A
BP	GO:0097237	cellular response to toxic substance	53	0.5289506073619642	1.8142704965285126	8.655110421607686e-4	0.028386341561351933	0.024835803001971576	2150	tags=51%, list=22%, signal=40%	GSTM3/PTGS2/HBA2/ALOX5AP/S100A9/GPX7/TXNRD2/DHFR/PRDX1/SESN2/PRDX4/PRDX2/MGST3/TXN/GSTO1/SELENOT/ESD/SOD2/UBIAD1/TNF/PRDX6/PINK1/PARK7/GPX4/SELENOS/GCH1/SELENOF
BP	GO:0050708	regulation of protein secretion	114	0.438535736532904	1.7176871321649774	8.779642452792745e-4	0.028386341561351933	0.024835803001971576	2546	tags=43%, list=26%, signal=32%	RSAD2/BMP8A/CD38/EFNA5/RAB11FIP5/IL1B/ABCG1/STX1A/PER2/IFNG/IL1A/GIPR/IL6/KLF7/HADH/ADORA2A/FKBP1B/SLC16A1/SEC24A/P3H1/UQCC2/STXBP4/SLC12A2/RAB11FIP3/PARD6A/ACSL4/RHBDF2/JAK2/BAD/TNF/SIDT2/SLC25A22/HMGCR/UCP2/RAP1GDS1/SIRT6/HIF1A/PPIA/SERGEF/NR1H2/F2R/GLUD1/ADAM8/PFKL/LLGL2/MCU/GLUL/TGFB1/APBB1
BP	GO:0002700	regulation of production of molecular mediator of immune response	108	0.4301743451799237	1.6742271872935843	8.744657990088606e-4	0.028386341561351933	0.024835803001971576	1362	tags=25%, list=14%, signal=22%	RSAD2/NOD2/SPON2/CLEC7A/CD226/IL1B/TNFRSF4/SLC7A5/BST2/LILRB1/TRAF6/IL6/NLRP3/CD55/JAK3/SPHK2/SLAMF1/BCL6/TNFRSF1B/CD40LG/IRAK3/NOD1/HLA-F/TNFRSF14/TBX21/KMT5C/XBP1
BP	GO:0001818	negative regulation of cytokine production	144	0.40283681323653153	1.6302351946962934	8.944854342576282e-4	0.028439375130367532	0.024882203178962194	1258	tags=24%, list=13%, signal=21%	OAS3/INHBA/OAS1/NOD2/HAVCR2/MUL1/DHX58/BST2/NFKBIL1/CACTIN/SLC11A1/IFNG/LILRB1/PML/TWSG1/IL6/LAG3/NLRP3/JAK3/PGLYRP2/RARA/SLAMF1/THBS1/INPP5D/BCL6/ARRB1/RELB/TSPO/IRAK3/GBP1/HLA-F/TBX21/TNFAIP3/PTGER4
BP	GO:0045824	negative regulation of innate immune response	51	0.5429336326849105	1.84849593555726	9.328564483581949e-4	0.02922950204855677	0.025573501719293304	1380	tags=33%, list=14%, signal=29%	OAS3/OAS1/USP18/ISG15/HAVCR2/MUL1/DHX58/CACTIN/LILRB1/KLRD1/DUSP10/IRAK3/PARP14/HLA-F/GRN/TNFAIP3/ARRB2
BP	GO:0002720	positive regulation of cytokine production involved in immune response	52	0.5410654270635441	1.8487381483789898	0.0010479036830196582	0.03190940510828875	0.027918204868588967	1240	tags=35%, list=13%, signal=30%	RSAD2/NOD2/SPON2/CLEC7A/CD226/IL1B/SLC7A5/LILRB1/TRAF6/IL6/NLRP3/CD55/SPHK2/SLAMF1/NOD1/HLA-F/TNFRSF14/TBX21
BP	GO:0040011	locomotion	565	0.3006576927998969	1.401672680687921	0.0010424831245511585	0.03190940510828875	0.027918204868588967	1695	tags=23%, list=18%, signal=20%	NCAM1/PROK2/CXCL1/TNFRSF18/CXCL3/IFITM1/VASH1/PTGS2/NOD2/CLEC7A/NEO1/JAML/TYMP/PALLD/EFNA5/PLEKHG3/IGFBP3/CXCL2/AFDN/TNFAIP6/LRP12/NTNG2/IL1B/P2RX4/IGF1R/SAP130/PARD6B/BBS1/FEZ1/BST2/S100A9/ECE1/PLXND1/PLGRKT/TIMP1/VCAM1/CD300A/PLCB1/ST3GAL4/CCR5/IFNG/ITGAV/IL1A/NBL1/PIP5K1A/IL6/S100A8/CCL3/PLAUR/CCRL2/LGR6/GADD45A/SLAMF1/DUSP10/C3AR1/THBS1/B4GAT1/KLF7/FER/PTCH1/DUSP22/NEDD9/ARHGEF5/SPOCK2/SAP30/SPHK1/FERMT3/RIPOR1/ADORA2A/CD99L2/RRAS/RHOC/CORO1C/NSMF/VCL/SSX2IP/SCAI/RHOB/STX3/MKKS/ABI3/S100A12/ST6GAL1/EMILIN2/AKT2/TNFRSF14/NKD1/DNAJA4/GRN/DAG1/IL17RA/STK24/AIF1/CXCL8/STK26/PTGER4/ADGRG1/SLC12A2/CCL20/LSP1/XBP1/PIP5K1C/ARRB2/ABHD6/CCL4/RYK/ITGA6/ARHGEF7/ITGB1/JAM3/PYCARD/SOD2/FZD3/BCR/BCAS3/MAP2K5/JAK2/LMNA/SMAD3/CX3CR1/NUMB/CLN3/MGAT5/MAP2K2/RIPK3/JUN/PHPT1/TNF/MINK1
BP	GO:0006935	chemotaxis	219	0.3682441441475019	1.5721859125575588	0.001149672933158408	0.03375429398988045	0.029532336676476544	786	tags=18%, list=8%, signal=17%	NCAM1/PROK2/CXCL1/CXCL3/NOD2/NEO1/JAML/TYMP/PALLD/EFNA5/CXCL2/TNFAIP6/IL1B/P2RX4/FEZ1/S100A9/ECE1/PLXND1/PLGRKT/VCAM1/CCR5/ITGAV/NBL1/PIP5K1A/IL6/S100A8/CCL3/PLAUR/CCRL2/LGR6/SLAMF1/C3AR1/THBS1/B4GAT1/KLF7/FER/PTCH1/NEDD9/ARHGEF5
BP	GO:0042330	taxis	219	0.3682441441475019	1.5721859125575588	0.001149672933158408	0.03375429398988045	0.029532336676476544	786	tags=18%, list=8%, signal=17%	NCAM1/PROK2/CXCL1/CXCL3/NOD2/NEO1/JAML/TYMP/PALLD/EFNA5/CXCL2/TNFAIP6/IL1B/P2RX4/FEZ1/S100A9/ECE1/PLXND1/PLGRKT/VCAM1/CCR5/ITGAV/NBL1/PIP5K1A/IL6/S100A8/CCL3/PLAUR/CCRL2/LGR6/SLAMF1/C3AR1/THBS1/B4GAT1/KLF7/FER/PTCH1/NEDD9/ARHGEF5
BP	GO:0007186	G protein-coupled receptor signaling pathway	209	0.3629560382623709	1.5406833327419687	0.0011553273613557602	0.03375429398988045	0.029532336676476544	1588	tags=30%, list=16%, signal=25%	PROK2/AKR1C3/CXCL1/GNAL/RAMP1/SLC39A14/PCSK1N/HPGD/EREG/ECE1/DGKH/AREG/PLCB1/CCR5/HOMER1/GIPR/ARHGEF12/NXPH4/GPR171/CCL3/SPHK2/USP20/CCRL2/LGR6/RPGRIP1L/CRY1/C3AR1/GNAO1/ABCA1/SPHK1/ADORA2A/RGS9/ARRB1/GPR141/PLPP1/DNM2/SIGMAR1/S1PR4/GNGT2/FCN1/GPR180/P2RY8/AGTRAP/CXCL8/PTGER4/S1PR5/ADGRG1/CCL20/RGS3/MGRN1/ARRB2/ABHD6/GPR65/CCL4/IQGAP2/RIC8A/FZD3/LTB4R/NMT2/JAK2/CISH/CX3CR1
BP	GO:0002702	positive regulation of production of molecular mediator of immune response	84	0.4589135936014794	1.7158908026781101	0.0012491317972982978	0.03553451244419631	0.031089886977078127	1531	tags=27%, list=16%, signal=23%	RSAD2/NOD2/SPON2/CLEC7A/CD226/IL1B/TNFRSF4/SLC7A5/LILRB1/TRAF6/IL6/NLRP3/CD55/SPHK2/SLAMF1/NOD1/HLA-F/TNFRSF14/TBX21/KMT5C/XBP1/PYCARD/LAPTM5
BP	GO:0002683	negative regulation of immune system process	229	0.3613806293867351	1.5502689613840395	0.001235464333933475	0.03553451244419631	0.031089886977078127	1258	tags=24%, list=13%, signal=21%	OAS3/INHBA/OAS1/USP18/NOD2/ISG15/CD68/HAVCR2/MUL1/TNFAIP6/FGL2/PIAS3/MAFB/DHX58/BST2/CACTIN/CD300A/PLCB1/TSPAN32/LILRB1/ID2/NBL1/TWSG1/LAG3/CD55/CCL3/JAK3/KLRD1/PGLYRP2/RARA/SLAMF1/DUSP10/THBS1/INPP5D/UBASH3A/SLA2/FER/DUSP22/BCL6/ADORA2A/IL7R/MAD1L1/PRDX2/IRAK3/GBP1/PARP14/LAX1/TCTA/HLA-F/TNFRSF14/GRN/TBX21/TNFAIP3/PTGER4
BP	GO:0002824	positive regulation of adaptive immune response based on somatic recombination of immune receptors built from immunoglobulin superfamily domains	73	0.4777896792778479	1.7440412549392499	0.0012891075211381188	0.03619546052857939	0.03166816425817087	643	tags=18%, list=7%, signal=17%	RSAD2/NOD2/CLEC7A/CD226/CD4/IL1B/SLC11A1/TRAF6/IL6/NLRP3/CD55/IL12RB1/SLAMF1
BP	GO:0032368	regulation of lipid transport	57	0.5259045192417215	1.8335219958445665	0.001328554557747942	0.03635867030191203	0.03181095989704266	1155	tags=30%, list=12%, signal=26%	CES1/IL1B/P2RX4/ABCG1/MAP2K6/ITGAV/IL1A/FASLG/CRY1/TTC39B/THBS1/ABCA2/ABCA1/PTCH1/TSPO/AKT2/SEC24A
BP	GO:0045089	positive regulation of innate immune response	90	0.4478208883032106	1.6913968322683435	0.001321497644508847	0.03635867030191203	0.03181095989704266	566	tags=20%, list=6%, signal=19%	IFI35/NOD2/CLEC7A/PLSCR1/CD226/HAVCR2/IRF7/TRIM5/EREG/PARP9/IKBKE/GBP5/AIM2/CADM1/TRAF6/ZBP1/LAG3/KLRD1
BP	GO:0042592	homeostatic process	788	0.27813649126829676	1.326586476720136	0.001454331682043258	0.03930331370721905	0.03438728990304914	2192	tags=28%, list=23%, signal=23%	IFIT1/INHBA/CES1/OAS1/PTGS2/BMP8A/CD38/SLC12A9/NOD2/ISG15/NEO1/ATP1B1/EFNA5/SLC39A14/PIK3R2/NLE1/RAB11FIP5/STAT1/IL1B/MAFB/P2RX4/IGF1R/ARNT/ZFY/AMPD2/ABCG1/MAP2K6/SLC31A2/BBS1/TJP2/S100A9/PER2/CRTC1/LTBP3/SLC11A1/TMEM64/CCR5/IFNG/SPATA7/HSPA1B/G0S2/ID2/PML/HOMER1/IL1A/SLC66A1/TXNRD2/TRAF6/SIT1/GADD45G/IL6/FASLG/S100A8/CCL3/JAK3/ABCB10/PACS2/FABP5/PRDX1/CRY1/ABCB7/ATOX1/TTC39B/FOXK2/INPP5D/ABCA2/SLC9A8/RORA/CARD11/KLF7/ABCA1/PTCH1/PDK2/HEXB/BCL6/HADH/ARHGEF5/NUBP1/METRNL/SLC10A7/SESN2/ADORA2A/BOLA2/RHOT1/IL7R/ITPR1/LETM1/CROCC/VCL/DEF8/TMEM14C/DMXL2/WHRN/TSPO/RASSF2/MTLN/SNX10/CIAO3/MAEA/HSPA1A/ALDOA/MKKS/PRDX4/KCTD7/COMMD1/PRDX2/CFL2/FKBP1B/IRF4/TMEM9/SLC16A1/ZNF16/TMEM175/FBXO4/TMEM199/SEC24A/GRN/BOLA1/TXN/GSTO1/TNFAIP3/STXBP4/SLC12A7/SELENOT/ADGRG1/ELOVL1/SLC12A2/SCO2/XBP1/HSCB/C19orf12/ENDOG/ABHD6/BAK1/CLNS1A/TMEM97/BAX/ITGB1/IREB2/JAM3/SOD2/BCR/PIH1D1/FH/JAK2/ADAR/BAD/CX3CR1/CCDC51/SLC9A1/LYZ/CLN3/LIPA/CCDC22/GOT1/IL15/ORMDL3/RASA3/RIPK3/CRTC2/TNF/SIDT2/TFE3/BBS4/CEBPA/PRDX6/TRPV2/SIRT1/JMJD6/ADRB2/ADA/FXN/PLCG1/FOXK1/SLC31A1/PKNOX1/SLC39A13/PRNP/ATP6V0D1/PPT1/DECR1/SREBF2/CXCR4/PINK1/PARK7/ATP6V1D/IP6K1/AQP3/UCP2/MTF1/ATG5/RAP1GDS1/GPR89A/SIRT6/HIF1A/MED1/NPTN/PTPN6/ERN1/FLCN/STXBP3/ANKH/SLC4A2/CDK6/ATP1B3/SELENOS/NMB/PWWP2B/DYNLT1/ERO1A/ABHD5/ACTG1/NPC1/MFN2/SLC30A6/PIK3CB/ARRDC3/CHP1
BP	GO:0046942	carboxylic acid transport	97	0.42780854481599445	1.633047837575828	0.0014991812980647361	0.040015184770567404	0.03501012076182366	1688	tags=31%, list=17%, signal=26%	CES1/SLC1A7/PTGS2/IL1B/P2RX4/SLC7A5/MAP2K6/PER2/SLC11A1/SERINC5/IL1A/SLC66A1/SLC3A2/SLC43A2/SLC25A14/SLC10A7/ADORA2A/SLC38A5/SLC16A3/SLC16A1/SLCO3A1/SLC12A2/SLC1A5/RAB3GAP1/ITGB1/AQP9/CLN3/ABCC5/SLC16A6/TNF
MF	GO:0004930	G protein-coupled receptor activity	55	0.5257885623410398	1.821642999713129	0.0015986604898124493	0.04164221661415079	0.03643364489781828	2346	tags=55%, list=24%, signal=42%	RAMP1/HPGD/CCR5/GIPR/GPR171/SPHK2/CCRL2/C3AR1/SPHK1/ADORA2A/GPR141/SIGMAR1/S1PR4/P2RY8/AGTRAP/PTGER4/S1PR5/ADGRG1/GPR65/FZD3/LTB4R/CX3CR1/ADRB2/CXCR4/ADGRG5/LPAR2/CXCR3/CXCR6/F2R/ZNF219
BP	GO:1903531	negative regulation of secretion by cell	65	0.4952716254931962	1.7748848441311569	0.0015866928016052878	0.04164221661415079	0.03643364489781828	1529	tags=28%, list=16%, signal=23%	RSAD2/INHBA/BMP8A/RAB11FIP5/IL1B/CD300A/LILRB1/OSM/CRY1/KLF7/HADH/TNFRSF1B/TSPO/FKBP1B/HLA-F/RAB11FIP3/BCR/RHBDF2
BP	GO:0097530	granulocyte migration	78	0.460390147261463	1.7011413536668567	0.001877296697369292	0.04831804118705249	0.0422744632227145	1509	tags=31%, list=16%, signal=26%	CXCL1/CXCL3/NOD2/JAML/CXCL2/TNFAIP6/IL1B/S100A9/CD300A/IL1A/S100A8/CCL3/SLAMF1/C3AR1/THBS1/CD99L2/S100A12/IL17RA/CXCL8/PTGER4/CCL20/PIP5K1C/CCL4/JAM3
BP	GO:0051241	negative regulation of multicellular organismal process	429	0.31140779365006893	1.4207766215448823	0.0019066039931431794	0.0484950333314771	0.04242931734586122	1258	tags=19%, list=13%, signal=17%	OAS3/INHBA/OAS1/VASH1/PTGS2/SOCS2/CD38/NOD2/HAVCR2/MUL1/TNFAIP6/WWC2/FGL2/PIAS3/RAB11FIP5/STAT1/IL1B/MAFB/P2RX4/DHX58/ASCL2/SAP130/MAP2K6/BST2/NFKBIL1/KHSRP/LTBP3/TIMP1/CACTIN/SLC11A1/IFNG/LILRB1/ID2/PML/EPN2/EIF2AK3/TWSG1/IL6/FASLG/RARG/LAG3/NLRP3/CCL3/PLAUR/JAK3/PGLYRP2/RARA/GADD45A/SLAMF1/CRY1/DUSP10/THBS1/INPP5D/ULK2/KLF7/PTCH1/BCL6/SAP30/ARRB1/RELB/SERPINB2/CORO1C/TNFRSF1B/TSPO/PRDX4/STK3/PRDX2/IRAK3/FKBP1B/GBP1/EAF2/SAV1/TCTA/HLA-F/RFLNB/DNAJA4/GRN/TBX21/TNFAIP3/PTGER4
BP	GO:0002456	T cell mediated immunity	67	0.4953580444109238	1.7831393968936202	0.001968739395959727	0.0491548074385274	0.04300656748967026	1293	tags=28%, list=13%, signal=25%	RSAD2/NOD2/IL1B/LILRB1/TRAF6/IL6/PRF1/NLRP3/CD55/IL12RB1/KLRD1/SLAMF1/DUSP22/IL7R/TNFRSF1B/KDM5D/HLA-F/TBX21/RFTN1
BP	GO:0007584	response to nutrient	67	0.49470092442376773	1.7807739633434745	0.002000750719051994	0.0491548074385274	0.04300656748967026	1521	tags=34%, list=16%, signal=29%	AKR1C3/PTGS2/NOD2/KYNU/STAT1/IGF1R/VCAM1/IL1A/GIPR/DNMT3A/RUNX2/RARA/TRIM25/MGMT/PDK2/AHCY/TSPO/FKBP1B/SLC16A1/XBP1/DCPS/SOD2/POR
MF	GO:0030546	signaling receptor activator activity	91	0.4449168232328351	1.682993291130763	0.0019912135185167794	0.0491548074385274	0.04300656748967026	612	tags=23%, list=6%, signal=22%	INHBA/CXCL1/CXCL3/BMP8A/IL1RN/TYMP/EFNA5/CXCL2/IL1B/EREG/TIMP1/AREG/IFNG/IL1A/NBL1/IL6/FASLG/HDGFL3/RABEP2/CCL3/OSM
