ID	Description	p.adjust	core_enrichment
GO:0016070	RNA metabolic process	4.513991996009441e-5	PDCD4/EZR/FOXP1/PARP14/HNRNPH1/IFI16/TNFAIP3/IRF1/CLK1/N4BP2L2/ATRX/KAT6A/TRA2A/PRPF38B/IK/AGO2/TLE5/NR3C1/MPHOSPH8/KMT2E/ADAR/C9orf78/PRMT2/GOLGB1/SF1/CHD1/NLRP3/ASH1L/ARID4B/DDX24/CIB1/HNRNPU/SMARCE1/PRDM2/CYLD/NCL/CHD2/RBM25/ZRANB2/PNN/DDX46/PRPF4B/HMGB1/PABPC4/YTHDC1/SCAF11/PPP3CA/PHF3/BDP1/RBM5/KLF6/RSRP1/CREBRF/USP15/PPP1R12A/SRSF11/TXNIP/HINT1/MBNL1/SREK1/CHD4/NFAT5/TRA2B/BCLAF1/NSD3/KDM6B/GPBP1/TERF2IP/CTNNB1/BPTF/NAMPT/DHX36/SLTM/TRIM44/RESF1/ILF3/CFLAR/TRIM38/GTF3A/NUCKS1/SRSF10/MIER1/IRAK3/TMSB4X/KMT2C/CIR1/EID1/TPR/HNRNPUL1/LCOR/ZFC3H1/SMARCA5/NFKBIZ/CNOT2/HIF1A/CCNL1/U2SURP/S100A8/SMG1/GPS2/G3BP2/DDX39B/SRSF7/ZNF644/EWSR1/PHF20L1/SLC11A1/SPEN/TET2/SETX/POU2F2/HMGN1/USP3/HP1BP3/SET/EAPP/SRSF4/TACC1/PHIP/SRRM2/DDX18/TCEA1/ROCK1/RBM39/PRDX5/THRAP3/TAF7/SRSF2/RBBP4/KDM5A/TUT7
GO:0090304	nucleic acid metabolic process	4.513991996009441e-5	PDCD4/EZR/FOXP1/PARP14/HNRNPH1/IFI16/TNFAIP3/IRF1/CLK1/N4BP2L2/ATRX/KAT6A/PTPRC/TRA2A/PRPF38B/SMCHD1/IK/AGO2/TLE5/NR3C1/MPHOSPH8/KMT2E/ADAR/C9orf78/PRMT2/GOLGB1/SF1/CHD1/NLRP3/ASH1L/ARID4B/DDX24/CIB1/HNRNPU/SMARCE1/PRDM2/CYLD/NCL/CHD2/RBM25/ZRANB2/PNN/DDX46/PRPF4B/HMGB1/PABPC4/YTHDC1/SCAF11/PPP3CA/PHF3/BDP1/RBM5/KLF6/RSRP1/CREBRF/USP15/PPP1R12A/SRSF11/TXNIP/HINT1/MBNL1/SREK1/CHD4/NFAT5/TRA2B/BCLAF1/NSD3/KDM6B/GPBP1/TERF2IP/CTNNB1/BPTF/NAMPT/DHX36/BOD1L1/SLTM/TRIM44/RESF1/ILF3/CFLAR/TRIM38/GTF3A/HSPD1/NUCKS1/SRSF10/MIER1/IRAK3/TMSB4X/KMT2C/CIR1/EID1/TPR/HNRNPUL1/LCOR/ZFC3H1/SMARCA5/NFKBIZ/CNOT2/HIF1A/CCNL1/U2SURP/S100A8/SMG1/GPS2/G3BP2/DDX39B/SRSF7/ZNF644/EWSR1/PHF20L1/SLC11A1/SPEN/TET2/SETX/POU2F2/HMGN1/USP3/HP1BP3/SET/EAPP/SRSF4/TACC1/TRIP12/PHIP/SRRM2/DDX18/TCEA1/ROCK1/RBM39/PRDX5/THRAP3/TAOK3/TAF7/SRSF2/RBBP4/KDM5A/TUT7
GO:0012505	endomembrane system	1.0526452990930447e-4	CLTC/ELOVL5/C18orf32/TGFB1/RAB2A/CHMP2B/PNRC2/SRP72/FXR1/SNX3/LST1/RAPGEF1/CTSZ/SERINC1/SPAG9/PSMB1/SSR4/RAP1B/GALNT1/P4HB/ZFYVE16/ITGA5/EEF1G/UBXN1/PJA2/MAP1LC3B/TRAM1/S100A12/SRGN/ENY2/CHMP4B/GRB2/CD74/LYN/RAP2B/ARF1/RTN4/RAC2/CD58/ASAP1/CLTA/RAB5C/CDC42EP3/PSAP/CUX1/PPIA/SPCS2/ENO1/EEF1B2/COPE/PSMB7/PPP1R15A/GLIPR1/APLP2/LAPTM5/ERP29/RAB5A/LYZ/PDIA6/PSMD7/UBA52/DNAJB11/BRI3/VAPA/EEF2/RAN/KDELR2/SELENOK/METTL9/GABARAP/SEC61G/ACSL4/GSTP1/CCDC88A/ARPC5/RHEB/YBX1/SEC62/HSP90B1/ATP6V0B/TPT1/TNFRSF1B/HLA-DRB1/RAC1/SPCS3/SELENOS/TYROBP/TMBIM6/RNASEK/ANXA2/SDCBP/ABCA1/SQSTM1/OSTC/PKM/SSR2/EEF1A1/LGALS1/PRNP/S100A6/CASP4/CCNI/SSR3/TMEM258/SERPINA1/ASAH1/FCN1/FCER1G/ACBD3/SERPINB9/PDCD6IP/CLIC1/DNAJC3/ARL6IP1/DENND5A/S100A11/ARF4/CD55/CAPN2/IFNAR1/IL1B/PPIB/HLA-DMA/XBP1/CD47/NOTCH2/VDAC2/ITGB1/DSE/SERP1/FTH1/HLA-DRA/HLA-DPB1/HLA-DPA1/ITGAX/IFNGR2/ARL8B/PNP/PDIA3/SEC61B/STK24/DDIT3/GAPDH/AP1S2/NCF2/NME2/GPX4/CST3/HSPA5/CSTB/BNIP3L/CD63/SERPINB1/ARFGAP3/FTL/CD68/SEC11A/THBS1/HLA-DQA1/REEP5/INSIG1/HLA-DQB1/CREG1/PLAC8/NPC2/ANXA1/LGALS3/SDF2L1/ATP6V1F/PDXK/TIMP1/CTSL/TKT/CFD/MS4A7/LMNA/OLR1/CYP1B1
GO:0005654	nucleoplasm	1.0526452990930447e-4	STK4/FOXP1/GCC2/PPP2R5C/HNRNPH1/IFI16/IRF1/ATRX/KAT6A/ARGLU1/TRA2A/IK/AGO2/NR3C1/MPHOSPH8/KMT2E/ADAR/C9orf78/ANKRD12/BIRC3/PRMT2/SF1/CHD1/ASH1L/ANKRD11/ABCF1/ARID4B/MCL1/GBP2/CIB1/HNRNPU/SMAP2/SMARCE1/PRDM2/GOLGA4/NCL/PNISR/RBM25/ZRANB2/PNN/DDX46/PRPF4B/PSME2/HMGB1/STK17B/YTHDC1/SCAF11/PPP3CA/BDP1/RBM5/KLF6/CREBRF/USP15/PPP1R12A/SRSF11/HINT1/MBNL1/SREK1/CHD4/HIPK1/RANBP2/NFAT5/FNBP4/TRA2B/BCLAF1/NSD3/LIMD2/KDM6B/TERF2IP/CTNNB1/BPTF/NAMPT/DHX36/BOD1L1/PPP1CB/SLTM/ILF3/TRIM38/GTF3A/NUCKS1/SYAP1/SRSF10/ARPP19/MIER1/KMT2C/CIR1/EID1/TPR/HNRNPUL1/LCOR/SMARCA5/ANAPC16/NFKBIZ/CNOT2/HIF1A/POMP/CCNL1/U2SURP/PPM1G/SMG1/GPS2/PRKAG2/DDX39B/SRSF7/KPNB1/EWSR1/PHF20L1/TGOLN2/SOD1/SPEN/TET2/SETX/POU2F2/HMGN1/USP3/HP1BP3/ZNF207/SET/EAPP/SRSF4/TRIP12/STAG2/SRRM2/CERT1/TCEA1/PPP4R3A/RBM39/THRAP3/TAF7/SRSF2/RBBP4/KDM5A/TUT7/XRCC5/PSMA4/ATG12/NDUFA13/HSP90AB1/MED4/CALM1/MYH9/MAPK1/HNRNPD/SKP1/PSME1/CIAO2B/PPIG/MAP2K3/FUS/LITAF/TRMT112/USP16/YY1
GO:0005576	extracellular region	1.4252327728929074e-4	PSMB1/SSR4/RAP1B/GALNT1/P4HB/ARPC1B/IFNAR2/EEF1G/S100A12/SRGN/CHMP4B/RNH1/CNOT1/GRB2/CCT5/CD74/LYN/RAP2B/ARF1/KRT10/PSMA1/GSTK1/EIF3I/PCBP2/RAC2/CD58/RAB5C/WDR1/PSAP/PPIA/LDHA/ENO1/PSMB7/CSF3R/PLEC/GLIPR1/EIF2A/APLP2/SH3BGRL3/RAB5A/FAU/LYZ/TALDO1/PDIA6/PSMD7/UBA52/CD37/DNAJB11/EEF2/RAN/ACSL4/GSTP1/UBE2V1/ARPC5/RHEB/YBX1/HSP90B1/BTG2/TXN/TPT1/MARCKS/TNFRSF1B/S100A4/HLA-DRB1/RAC1/SELENOS/ANXA2/SDCBP/RHOQ/CD48/CXCL8/SQSTM1/PKM/EEF1A1/LGALS1/PRNP/S100A6/CASP4/SH3BGRL/ACTG1/EREG/YWHAQ/SERPINA1/ASAH1/FCN1/SERPINB9/PDCD6IP/CLIC1/DNAJC3/S100A11/PTEN/ARF4/CD55/CAPN2/IL1B/PPIB/EIF4A1/ARPC3/CD47/PSMA6/NOTCH2/IFI30/ITGB1/BASP1/SLC3A2/FTH1/HLA-DRA/ANXA5/GNG5/CXCL2/ARL8B/PNP/EIF3H/PDIA3/IL1RN/STK24/CSTA/GAPDH/NME2/EIF3E/GPX4/CST3/RACK1/NINJ1/HSPA5/CSTB/CD63/SERPINB1/FTL/THBS1/SOD2/VIM/CREG1/PLAC8/NPC2/ANXA1/PRDX1/S100A10/LGALS3/ATP6V1F/GSTO1/PDXK/TIMP1/CTSL/TKT/CFD/OLR1/TXNRD1/SMS/CXCL3/MARCKSL1
GO:0031982	vesicle	1.6484357675738149e-4	PSMB1/SSR4/RAP1B/P4HB/ARPC1B/ZFYVE16/ITGA5/EEF1G/MAP1LC3B/S100A12/SRGN/CHMP4B/TMEM123/RNH1/GRB2/CCT5/CD74/LYN/RAP2B/ARF1/KRT10/PSMA1/GSTK1/EIF3I/PCBP2/RAC2/CD58/CLTA/RAB5C/WDR1/PSAP/PPIA/LDHA/ENO1/COPE/PSMB7/CSF3R/PLEC/GLIPR1/APLP2/SH3BGRL3/LAPTM5/ERP29/RAB5A/LYZ/TALDO1/PDIA6/PSMD7/UBA52/CD37/BRI3/VAPA/EEF2/RAN/KDELR2/GABARAP/ACSL4/GSTP1/CCDC88A/UBE2V1/ARPC5/RHEB/YBX1/HSP90B1/ATP6V0B/BTG2/TXN/TPT1/MARCKS/TNFRSF1B/S100A4/HLA-DRB1/RAC1/TYROBP/RNASEK/ANXA2/SDCBP/RHOQ/CD48/ABCA1/SQSTM1/PKM/EEF1A1/LGALS1/PRNP/S100A6/SH3BGRL/ACTG1/EREG/YWHAQ/SERPINA1/ASAH1/FCN1/FCER1G/SERPINB9/PDCD6IP/CLIC1/DNAJC3/S100A11/ARF4/CD55/CAPN2/IFNAR1/IL1B/PPIB/EIF4A1/HLA-DMA/ARPC3/CD47/PSMA6/VDAC2/ITGB1/DSE/BASP1/SLC3A2/FTH1/HLA-DRA/HLA-DPB1/HLA-DPA1/ANXA5/ITGAX/GNG5/IFNGR2/ARL8B/PNP/EIF3H/PDIA3/IL1RN/STK24/DDIT3/GAPDH/AP1S2/NCF2/NME2/EIF3E/GPX4/CST3/RACK1/HSPA5/CSTB/CD63/SERPINB1/PHLDA1/FTL/CD68/THBS1/SOD2/VIM/HLA-DQA1/HLA-DQB1/CREG1/PLAC8/NPC2/ANXA1/PRDX1/S100A10/LGALS3/ATP6V1F/GSTO1/PDXK/TIMP1/CTSL/MTSS1/TKT/CFD/OLR1/TXNRD1/SMS/MARCKSL1
GO:0005634	nucleus	1.6484357675738149e-4	PDCD4/MT2A/STK4/EZR/FOXP1/GCC2/PARP14/PPP2R5C/SEPTIN7/HNRNPH1/FYN/IFI16/TNFAIP3/IRF1/CLK1/NKTR/N4BP2L2/ATRX/KAT6A/ARGLU1/TRA2A/PRPF38B/PDE4B/SMCHD1/IK/AGO2/TLE5/NR3C1/MPHOSPH8/ARL4C/KMT2E/ADAR/C9orf78/ANKRD12/BIRC3/PRMT2/SF1/CHD1/NLRP3/ASH1L/ANKRD11/ABCF1/ARID4B/DDX24/MCL1/DDX6/GBP2/CIB1/HNRNPU/SMAP2/SMARCE1/PRDM2/GOLGA4/MBP/NCL/VMP1/PNISR/CHD2/RBM25/ZRANB2/PNN/DDX46/PRPF4B/TES/USP34/PSME2/HMGB1/PABPC4/STK17B/MALAT1/YTHDC1/SCAF11/PPP3CA/PHF3/BDP1/RBM5/KLF6/ISCU/RSRP1/CREBRF/BRAF/USP15/PPP1R12A/SRSF11/HINT1/MBNL1/SREK1/CHD4/HIPK1/RANBP2/NFAT5/FNBP4/TRA2B/BCLAF1/NSD3/LIMD2/KDM6B/GPBP1/TERF2IP/CTNNB1/BPTF/NAMPT/DHX36/BOD1L1/GNA13/PPP1CB/SLTM/RESF1/USP8/ILF3/TRIM38/GTF3A/CALM3/NUCKS1/SYAP1/SRSF10/ARPP19/MIER1/IRAK3/RGS2/TMSB4X/KMT2C/CIR1/EID1/TPR/HNRNPUL1/LCOR/ZFC3H1/PLEKHO1/SMARCA5/ANAPC16/NFKBIZ/CNOT2/HIF1A/POMP/CCNL1/U2SURP/S100A8/PTGS2/PPM1G/SMG1/GPS2/PRKAG2/DDX39B/SRSF7/ZNF644/KPNB1/EWSR1/PHF20L1/PTP4A2/TGOLN2/SOD1/SPEN/TET2/SETX/POU2F2/HMGN1/USP3/HP1BP3/ZNF207/SET/EAPP/PMAIP1/SRSF4/TACC1/TRIP12/PHIP/STAG2/SRRM2/DDX18/CERT1/TCEA1/PPP4R3A/RBM39/PRDX5/PAK2/ARPC4/THRAP3/TAF7/SRSF2/RBBP4/KDM5A/TUT7/DYNLL1/PA2G4/XRCC5/PSMA4/LRRFIP1/AIMP1/ATG12/NDUFA13/HSP90AB1/BIRC2/MED4/CALM1/MYH9/TCF25/MAPK1/HNRNPD/SKP1/UBXN4/DNAJA1/ZC3H15/PSME1/CCDC82/CIAO2B/PPIG/MAP2K3/FUS/ZFP36L1/LITAF/TRMT112/USP16/YY1
GO:0005615	extracellular space	2.266251820721752e-4	SRGN/CHMP4B/RNH1/CNOT1/GRB2/CCT5/CD74/LYN/RAP2B/ARF1/KRT10/PSMA1/GSTK1/EIF3I/PCBP2/RAC2/CD58/RAB5C/WDR1/PSAP/PPIA/LDHA/ENO1/PLEC/GLIPR1/EIF2A/APLP2/SH3BGRL3/RAB5A/FAU/LYZ/TALDO1/PDIA6/PSMD7/UBA52/CD37/DNAJB11/EEF2/RAN/ACSL4/GSTP1/UBE2V1/ARPC5/RHEB/YBX1/HSP90B1/BTG2/TXN/TPT1/MARCKS/S100A4/HLA-DRB1/RAC1/SELENOS/ANXA2/SDCBP/RHOQ/CD48/CXCL8/SQSTM1/PKM/EEF1A1/LGALS1/PRNP/S100A6/SH3BGRL/ACTG1/EREG/YWHAQ/SERPINA1/ASAH1/FCN1/SERPINB9/PDCD6IP/CLIC1/DNAJC3/S100A11/ARF4/CD55/CAPN2/IL1B/PPIB/EIF4A1/ARPC3/CD47/PSMA6/ITGB1/BASP1/SLC3A2/FTH1/HLA-DRA/ANXA5/GNG5/CXCL2/ARL8B/PNP/EIF3H/PDIA3/IL1RN/STK24/CSTA/GAPDH/NME2/EIF3E/GPX4/CST3/RACK1/HSPA5/CSTB/CD63/SERPINB1/FTL/THBS1/SOD2/VIM/CREG1/NPC2/ANXA1/PRDX1/S100A10/LGALS3/ATP6V1F/GSTO1/PDXK/TIMP1/CTSL/TKT/CFD/TXNRD1/SMS/CXCL3/MARCKSL1
GO:0031981	nuclear lumen	2.266251820721752e-4	STK4/EZR/FOXP1/GCC2/PPP2R5C/HNRNPH1/IFI16/IRF1/ATRX/KAT6A/ARGLU1/TRA2A/SMCHD1/IK/AGO2/NR3C1/MPHOSPH8/KMT2E/ADAR/C9orf78/ANKRD12/BIRC3/PRMT2/SF1/CHD1/ASH1L/ANKRD11/ABCF1/ARID4B/DDX24/MCL1/GBP2/CIB1/HNRNPU/SMAP2/SMARCE1/PRDM2/GOLGA4/NCL/VMP1/PNISR/RBM25/ZRANB2/PNN/DDX46/PRPF4B/PSME2/HMGB1/STK17B/YTHDC1/SCAF11/PPP3CA/BDP1/RBM5/KLF6/CREBRF/USP15/PPP1R12A/SRSF11/HINT1/MBNL1/SREK1/CHD4/HIPK1/RANBP2/NFAT5/FNBP4/TRA2B/BCLAF1/NSD3/LIMD2/KDM6B/TERF2IP/CTNNB1/BPTF/NAMPT/DHX36/BOD1L1/PPP1CB/SLTM/ILF3/TRIM38/GTF3A/NUCKS1/SYAP1/SRSF10/ARPP19/MIER1/RGS2/KMT2C/CIR1/EID1/TPR/HNRNPUL1/LCOR/SMARCA5/ANAPC16/NFKBIZ/CNOT2/HIF1A/POMP/CCNL1/U2SURP/PPM1G/SMG1/GPS2/PRKAG2/DDX39B/SRSF7/KPNB1/EWSR1/PHF20L1/TGOLN2/SOD1/SPEN/TET2/SETX/POU2F2/HMGN1/USP3/HP1BP3/ZNF207/SET/EAPP/SRSF4/TRIP12/STAG2/SRRM2/DDX18/CERT1/TCEA1/PPP4R3A/RBM39/THRAP3/TAF7/SRSF2/RBBP4/KDM5A/TUT7/PA2G4/XRCC5/PSMA4/ATG12/NDUFA13/HSP90AB1/MED4/CALM1/MYH9/MAPK1/HNRNPD/SKP1/PSME1/CIAO2B/PPIG/MAP2K3/FUS/LITAF/TRMT112/USP16/YY1/SNRPD3/TBCA/SP3
GO:0071824	protein-DNA complex organization	3.9090604147486353e-4	IFI16/ATRX/KAT6A/SMCHD1/NR3C1/MPHOSPH8/KMT2E/PRMT2/CHD1/ASH1L/ARID4B/HNRNPU/SMARCE1/PRDM2/CHD2/HMGB1/YTHDC1/BDP1/USP15/CHD4/NFAT5/NSD3/KDM6B/BPTF/RESF1/NUCKS1/MIER1/KMT2C/TPR/SMARCA5/NFKBIZ/TET2/HMGN1/USP3/HP1BP3/SET/TRIP12/TAF7/RBBP4/KDM5A/MED4/SKP1/TRMT112/USP16/YY1/SELENOF/EP300/MED10/HMGN2/NAA50/JMJD1C/BRD2
GO:0006396	RNA processing	3.995583712011822e-4	HNRNPH1/CLK1/TRA2A/PRPF38B/IK/AGO2/ADAR/C9orf78/SF1/HNRNPU/NCL/RBM25/ZRANB2/PNN/DDX46/PRPF4B/PABPC4/YTHDC1/SCAF11/RBM5/RSRP1/SRSF11/MBNL1/SREK1/TRA2B/DHX36/SLTM/SRSF10/CIR1/HNRNPUL1/ZFC3H1/CCNL1/U2SURP/DDX39B/SRSF7/SETX/SRSF4/SRRM2/DDX18/RBM39/THRAP3/SRSF2/TUT7/PA2G4/HNRNPD/PPIG/FUS/ZFP36L1/TRMT112/SNRPD3/DDX3X/ZMAT2/DDX17/AHNAK/SF3B2/LSM7/CWC15/NOP10/LSM8/HNRNPA3/SON/HNRNPF/SF3B1/QKI/RNMT/HNRNPA2B1/WBP11/NONO/UBL5/HNRNPK/SRRM1/ARL6IP4/PTBP1
GO:0006139	nucleobase-containing compound metabolic process	3.995583712011822e-4	PDCD4/EZR/FOXP1/PARP14/HNRNPH1/IFI16/TNFAIP3/IRF1/CLK1/N4BP2L2/ATRX/KAT6A/PTPRC/TRA2A/PRPF38B/PDE4B/SMCHD1/IK/AGO2/TLE5/NR3C1/MPHOSPH8/KMT2E/ADAR/C9orf78/PRMT2/GOLGB1/SF1/CHD1/NLRP3/ASH1L/ARID4B/DDX24/CIB1/HNRNPU/SMARCE1/PRDM2/CYLD/NCL/CHD2/RBM25/ZRANB2/PNN/DDX46/PRPF4B/NDUFS6/HMGB1/PABPC4/YTHDC1/SCAF11/PPP3CA/PHF3/BDP1/RBM5/KLF6/RSRP1/CREBRF/USP15/PPP1R12A/SRSF11/TXNIP/HINT1/MBNL1/SREK1/CHD4/NFAT5/TRA2B/BCLAF1/NSD3/KDM6B/GPBP1/TERF2IP/CTNNB1/BPTF/NAMPT/DHX36/BOD1L1/SLTM/TRIM44/RESF1/ILF3/CFLAR/TRIM38/GTF3A/HSPD1/NUCKS1/SRSF10/MIER1/IRAK3/TMSB4X/KMT2C/CIR1/EID1/TPR/HNRNPUL1/LCOR/ZFC3H1/SMARCA5/NFKBIZ/CNOT2/HIF1A/CCNL1/U2SURP/S100A8/SMG1/GPS2/PRKAG2/G3BP2/TYMP/DDX39B/SRSF7/ZNF644/EWSR1/PHF20L1/SLC11A1/SPEN/TET2/SETX/POU2F2/HMGN1/USP3/HP1BP3/SET/EAPP/SRSF4/TACC1/TRIP12/PHIP/SRRM2/DDX18/TCEA1/ROCK1/RBM39/PRDX5/THRAP3/TAOK3/TAF7/SRSF2/RBBP4/KDM5A/TUT7
GO:0006397	mRNA processing	5.069010264118496e-4	HNRNPH1/TRA2A/PRPF38B/IK/ADAR/C9orf78/SF1/HNRNPU/NCL/RBM25/ZRANB2/PNN/DDX46/PRPF4B/YTHDC1/SCAF11/RBM5/RSRP1/SRSF11/MBNL1/SREK1/TRA2B/DHX36/SLTM/SRSF10/CIR1/DDX39B/SRSF7/SETX/SRSF4/SRRM2/RBM39/THRAP3/SRSF2/ZFP36L1/SNRPD3/ZMAT2/DDX17/SF3B2/LSM7/CWC15/LSM8/HNRNPA3/SON/HNRNPF/SF3B1/QKI/RNMT/HNRNPA2B1/WBP11/NONO/UBL5/HNRNPK/SRRM1/ARL6IP4/PTBP1
GO:0043230	extracellular organelle	5.069010264118496e-4	RNH1/GRB2/CCT5/CD74/LYN/RAP2B/ARF1/KRT10/PSMA1/GSTK1/EIF3I/PCBP2/RAC2/CD58/RAB5C/WDR1/PSAP/PPIA/LDHA/ENO1/PLEC/APLP2/SH3BGRL3/RAB5A/LYZ/TALDO1/PDIA6/PSMD7/UBA52/CD37/EEF2/RAN/ACSL4/GSTP1/UBE2V1/ARPC5/RHEB/YBX1/HSP90B1/BTG2/TXN/TPT1/MARCKS/S100A4/HLA-DRB1/RAC1/ANXA2/SDCBP/RHOQ/CD48/SQSTM1/PKM/EEF1A1/LGALS1/PRNP/S100A6/SH3BGRL/ACTG1/YWHAQ/SERPINA1/ASAH1/SERPINB9/PDCD6IP/CLIC1/DNAJC3/S100A11/ARF4/CD55/CAPN2/PPIB/EIF4A1/ARPC3/CD47/PSMA6/ITGB1/BASP1/SLC3A2/FTH1/HLA-DRA/ANXA5/GNG5/ARL8B/PNP/EIF3H/PDIA3/IL1RN/STK24/GAPDH/NME2/EIF3E/GPX4/CST3/RACK1/HSPA5/CSTB/CD63/SERPINB1/FTL/THBS1/SOD2/VIM/CREG1/NPC2/ANXA1/PRDX1/S100A10/LGALS3/ATP6V1F/GSTO1/PDXK/TIMP1/CTSL/TKT/CFD/TXNRD1/SMS/MARCKSL1
GO:0065010	extracellular membrane-bounded organelle	5.069010264118496e-4	RNH1/GRB2/CCT5/CD74/LYN/RAP2B/ARF1/KRT10/PSMA1/GSTK1/EIF3I/PCBP2/RAC2/CD58/RAB5C/WDR1/PSAP/PPIA/LDHA/ENO1/PLEC/APLP2/SH3BGRL3/RAB5A/LYZ/TALDO1/PDIA6/PSMD7/UBA52/CD37/EEF2/RAN/ACSL4/GSTP1/UBE2V1/ARPC5/RHEB/YBX1/HSP90B1/BTG2/TXN/TPT1/MARCKS/S100A4/HLA-DRB1/RAC1/ANXA2/SDCBP/RHOQ/CD48/SQSTM1/PKM/EEF1A1/LGALS1/PRNP/S100A6/SH3BGRL/ACTG1/YWHAQ/SERPINA1/ASAH1/SERPINB9/PDCD6IP/CLIC1/DNAJC3/S100A11/ARF4/CD55/CAPN2/PPIB/EIF4A1/ARPC3/CD47/PSMA6/ITGB1/BASP1/SLC3A2/FTH1/HLA-DRA/ANXA5/GNG5/ARL8B/PNP/EIF3H/PDIA3/IL1RN/STK24/GAPDH/NME2/EIF3E/GPX4/CST3/RACK1/HSPA5/CSTB/CD63/SERPINB1/FTL/THBS1/SOD2/VIM/CREG1/NPC2/ANXA1/PRDX1/S100A10/LGALS3/ATP6V1F/GSTO1/PDXK/TIMP1/CTSL/TKT/CFD/TXNRD1/SMS/MARCKSL1
GO:0070062	extracellular exosome	5.069010264118496e-4	RNH1/GRB2/CCT5/CD74/LYN/RAP2B/ARF1/KRT10/PSMA1/GSTK1/EIF3I/PCBP2/RAC2/CD58/RAB5C/WDR1/PSAP/PPIA/LDHA/ENO1/PLEC/APLP2/SH3BGRL3/RAB5A/LYZ/TALDO1/PDIA6/PSMD7/UBA52/CD37/EEF2/RAN/ACSL4/GSTP1/UBE2V1/ARPC5/RHEB/YBX1/HSP90B1/BTG2/TXN/TPT1/MARCKS/S100A4/HLA-DRB1/RAC1/ANXA2/SDCBP/RHOQ/CD48/SQSTM1/PKM/EEF1A1/LGALS1/PRNP/S100A6/SH3BGRL/ACTG1/YWHAQ/SERPINA1/ASAH1/SERPINB9/PDCD6IP/CLIC1/DNAJC3/S100A11/ARF4/CD55/CAPN2/PPIB/EIF4A1/ARPC3/CD47/PSMA6/ITGB1/BASP1/SLC3A2/FTH1/HLA-DRA/ANXA5/GNG5/ARL8B/PNP/EIF3H/PDIA3/IL1RN/STK24/GAPDH/NME2/EIF3E/GPX4/CST3/RACK1/HSPA5/CSTB/CD63/SERPINB1/FTL/THBS1/SOD2/VIM/CREG1/NPC2/ANXA1/PRDX1/S100A10/LGALS3/ATP6V1F/GSTO1/PDXK/TIMP1/CTSL/TKT/CFD/TXNRD1/SMS/MARCKSL1
GO:1903561	extracellular vesicle	5.069010264118496e-4	RNH1/GRB2/CCT5/CD74/LYN/RAP2B/ARF1/KRT10/PSMA1/GSTK1/EIF3I/PCBP2/RAC2/CD58/RAB5C/WDR1/PSAP/PPIA/LDHA/ENO1/PLEC/APLP2/SH3BGRL3/RAB5A/LYZ/TALDO1/PDIA6/PSMD7/UBA52/CD37/EEF2/RAN/ACSL4/GSTP1/UBE2V1/ARPC5/RHEB/YBX1/HSP90B1/BTG2/TXN/TPT1/MARCKS/S100A4/HLA-DRB1/RAC1/ANXA2/SDCBP/RHOQ/CD48/SQSTM1/PKM/EEF1A1/LGALS1/PRNP/S100A6/SH3BGRL/ACTG1/YWHAQ/SERPINA1/ASAH1/SERPINB9/PDCD6IP/CLIC1/DNAJC3/S100A11/ARF4/CD55/CAPN2/PPIB/EIF4A1/ARPC3/CD47/PSMA6/ITGB1/BASP1/SLC3A2/FTH1/HLA-DRA/ANXA5/GNG5/ARL8B/PNP/EIF3H/PDIA3/IL1RN/STK24/GAPDH/NME2/EIF3E/GPX4/CST3/RACK1/HSPA5/CSTB/CD63/SERPINB1/FTL/THBS1/SOD2/VIM/CREG1/NPC2/ANXA1/PRDX1/S100A10/LGALS3/ATP6V1F/GSTO1/PDXK/TIMP1/CTSL/TKT/CFD/TXNRD1/SMS/MARCKSL1
GO:0051252	regulation of RNA metabolic process	5.069010264118496e-4	PDCD4/EZR/FOXP1/PARP14/HNRNPH1/IFI16/TNFAIP3/IRF1/CLK1/N4BP2L2/ATRX/KAT6A/TRA2A/AGO2/TLE5/NR3C1/MPHOSPH8/KMT2E/PRMT2/GOLGB1/SF1/CHD1/NLRP3/ASH1L/ARID4B/CIB1/HNRNPU/SMARCE1/PRDM2/CYLD/NCL/CHD2/RBM25/HMGB1/PABPC4/YTHDC1/PPP3CA/RBM5/KLF6/CREBRF/PPP1R12A/TXNIP/HINT1/MBNL1/CHD4/NFAT5/TRA2B/BCLAF1/NSD3/KDM6B/GPBP1/TERF2IP/CTNNB1/BPTF/NAMPT/DHX36/SLTM/TRIM44/RESF1/ILF3/CFLAR/TRIM38/NUCKS1/SRSF10/MIER1/IRAK3/TMSB4X/KMT2C/CIR1/EID1/TPR/LCOR/SMARCA5/NFKBIZ/CNOT2/HIF1A/CCNL1/S100A8/GPS2/G3BP2/DDX39B/SRSF7/ZNF644/EWSR1/PHF20L1/SLC11A1/SPEN/TET2/SETX/POU2F2/HMGN1/USP3/HP1BP3/SET/EAPP/SRSF4/TACC1/PHIP/TCEA1/ROCK1/RBM39/PRDX5/THRAP3/TAF7/SRSF2/RBBP4/KDM5A/TUT7/PA2G4/XRCC5/LRRFIP1/NDUFA13/BIRC2/MED4/TCF25/MAPK1/HNRNPD/MAP2K3/FUS/ZFP36L1/LITAF/TRMT112/USP16/YY1
GO:0046483	heterocycle metabolic process	5.069010264118496e-4	PDCD4/EZR/FOXP1/PARP14/HNRNPH1/IFI16/TNFAIP3/IRF1/CLK1/N4BP2L2/ATRX/KAT6A/PTPRC/TRA2A/PRPF38B/PDE4B/SMCHD1/IK/AGO2/SLC2A3/TLE5/NR3C1/MPHOSPH8/KMT2E/ADAR/C9orf78/PRMT2/GOLGB1/SF1/CHD1/NLRP3/ASH1L/ARID4B/DDX24/CIB1/HNRNPU/SMARCE1/PRDM2/CYLD/NCL/CHD2/RBM25/ZRANB2/PNN/DDX46/PRPF4B/NDUFS6/HMGB1/PABPC4/YTHDC1/SCAF11/PPP3CA/PHF3/BDP1/RBM5/KLF6/RSRP1/CREBRF/USP15/PPP1R12A/SRSF11/TXNIP/HINT1/MBNL1/SREK1/CHD4/NFAT5/TRA2B/BCLAF1/NSD3/KDM6B/GPBP1/TERF2IP/CTNNB1/BPTF/NAMPT/DHX36/BOD1L1/SLTM/TRIM44/RESF1/ILF3/CFLAR/TRIM38/GTF3A/HSPD1/NUCKS1/SRSF10/MIER1/IRAK3/TMSB4X/KMT2C/CIR1/EID1/TPR/HNRNPUL1/LCOR/ZFC3H1/SMARCA5/NFKBIZ/CNOT2/HIF1A/CCNL1/U2SURP/S100A8/SMG1/GPS2/PRKAG2/G3BP2/TYMP/DDX39B/SRSF7/ZNF644/EWSR1/PHF20L1/SLC11A1/SPEN/TET2/SETX/POU2F2/HMGN1/USP3/HP1BP3/SET/EAPP/SRSF4/TACC1/TRIP12/PHIP/SRRM2/DDX18/TCEA1/ROCK1/RBM39/PRDX5/THRAP3/TAOK3/TAF7/SRSF2/RBBP4/KDM5A/TUT7
GO:0031410	cytoplasmic vesicle	5.16504032406294e-4	MAP1LC3B/S100A12/SRGN/CHMP4B/TMEM123/GRB2/CD74/LYN/RAP2B/RAC2/CD58/CLTA/RAB5C/PSAP/PPIA/COPE/PSMB7/CSF3R/GLIPR1/APLP2/LAPTM5/ERP29/RAB5A/LYZ/PDIA6/PSMD7/UBA52/BRI3/VAPA/EEF2/RAN/KDELR2/GABARAP/GSTP1/CCDC88A/ARPC5/HSP90B1/ATP6V0B/TPT1/TNFRSF1B/HLA-DRB1/RAC1/TYROBP/RNASEK/ANXA2/SDCBP/RHOQ/ABCA1/SQSTM1/PKM/EEF1A1/ACTG1/EREG/SERPINA1/ASAH1/FCN1/FCER1G/PDCD6IP/DNAJC3/S100A11/CD55/IFNAR1/IL1B/PPIB/HLA-DMA/CD47/VDAC2/ITGB1/DSE/SLC3A2/FTH1/HLA-DRA/HLA-DPB1/HLA-DPA1/ITGAX/IFNGR2/ARL8B/PNP/PDIA3/DDIT3/AP1S2/NCF2/NME2/CST3/HSPA5/CSTB/CD63/SERPINB1/PHLDA1/FTL/CD68/THBS1/VIM/HLA-DQA1/HLA-DQB1/CREG1/PLAC8/NPC2/ANXA1/PRDX1/LGALS3/ATP6V1F/PDXK/TIMP1/CTSL/MTSS1/CFD/OLR1
GO:0097708	intracellular vesicle	9.852238060439468e-4	MAP1LC3B/S100A12/SRGN/CHMP4B/TMEM123/GRB2/CD74/LYN/RAP2B/RAC2/CD58/CLTA/RAB5C/PSAP/PPIA/COPE/PSMB7/CSF3R/GLIPR1/APLP2/LAPTM5/ERP29/RAB5A/LYZ/PDIA6/PSMD7/UBA52/BRI3/VAPA/EEF2/RAN/KDELR2/GABARAP/GSTP1/CCDC88A/ARPC5/HSP90B1/ATP6V0B/TPT1/TNFRSF1B/HLA-DRB1/RAC1/TYROBP/RNASEK/ANXA2/SDCBP/RHOQ/ABCA1/SQSTM1/PKM/EEF1A1/ACTG1/EREG/SERPINA1/ASAH1/FCN1/FCER1G/PDCD6IP/DNAJC3/S100A11/CD55/IFNAR1/IL1B/PPIB/HLA-DMA/CD47/VDAC2/ITGB1/DSE/SLC3A2/FTH1/HLA-DRA/HLA-DPB1/HLA-DPA1/ITGAX/IFNGR2/ARL8B/PNP/PDIA3/DDIT3/AP1S2/NCF2/NME2/CST3/HSPA5/CSTB/CD63/SERPINB1/PHLDA1/FTL/CD68/THBS1/VIM/HLA-DQA1/HLA-DQB1/CREG1/PLAC8/NPC2/ANXA1/PRDX1/LGALS3/ATP6V1F/PDXK/TIMP1/CTSL/MTSS1/CFD/OLR1
GO:0006325	chromatin organization	0.0010124255635628537	IFI16/ATRX/KAT6A/SMCHD1/NR3C1/MPHOSPH8/KMT2E/PRMT2/CHD1/ASH1L/ARID4B/HNRNPU/SMARCE1/PRDM2/CHD2/HMGB1/YTHDC1/USP15/CHD4/NFAT5/NSD3/KDM6B/BPTF/RESF1/NUCKS1/MIER1/KMT2C/TPR/SMARCA5/NFKBIZ/TET2/HMGN1/USP3/HP1BP3/SET/TRIP12
GO:0006725	cellular aromatic compound metabolic process	0.0011875235975939917	PDCD4/EZR/FOXP1/PARP14/HNRNPH1/IFI16/TNFAIP3/IRF1/CLK1/N4BP2L2/ATRX/KAT6A/PTPRC/TRA2A/PRPF38B/PDE4B/SMCHD1/IK/AGO2/TLE5/NR3C1/MPHOSPH8/KMT2E/ADAR/C9orf78/PRMT2/GOLGB1/SF1/CHD1/NLRP3/ASH1L/ARID4B/DDX24/CIB1/HNRNPU/SMARCE1/PRDM2/CYLD/NCL/CHD2/RBM25/ZRANB2/PNN/DDX46/PRPF4B/NDUFS6/HMGB1/PABPC4/YTHDC1/SCAF11/PPP3CA/PHF3/BDP1/RBM5/KLF6/RSRP1/CREBRF/USP15/PPP1R12A/SRSF11/TXNIP/HINT1/MBNL1/SREK1/CHD4/NFAT5/TRA2B/BCLAF1/NSD3/KDM6B/GPBP1/TERF2IP/CTNNB1/BPTF/NAMPT/DHX36/BOD1L1/SLTM/TRIM44/RESF1/ILF3/CFLAR/TRIM38/GTF3A/HSPD1/NUCKS1/SRSF10/MIER1/IRAK3/TMSB4X/KMT2C/CIR1/EID1/TPR/HNRNPUL1/LCOR/ZFC3H1/SMARCA5/NFKBIZ/CNOT2/HIF1A/CCNL1/U2SURP/S100A8/SMG1/GPS2/PRKAG2/G3BP2/TYMP/DDX39B/SRSF7/ZNF644/EWSR1/PHF20L1/SLC11A1/SPEN/TET2/SETX/POU2F2/HMGN1/USP3/HP1BP3/SET/EAPP/SRSF4/TACC1/TRIP12/PHIP/SRRM2/DDX18/TCEA1/ROCK1/RBM39/PRDX5/THRAP3/TAOK3/TAF7/SRSF2/RBBP4/KDM5A/TUT7
GO:0019219	regulation of nucleobase-containing compound metabolic process	0.0013746951626266522	PDCD4/EZR/FOXP1/PARP14/HNRNPH1/IFI16/TNFAIP3/IRF1/CLK1/N4BP2L2/ATRX/KAT6A/PTPRC/TRA2A/SMCHD1/AGO2/TLE5/NR3C1/MPHOSPH8/KMT2E/PRMT2/GOLGB1/SF1/CHD1/NLRP3/ASH1L/ARID4B/CIB1/HNRNPU/SMARCE1/PRDM2/CYLD/NCL/CHD2/RBM25/HMGB1/PABPC4/YTHDC1/PPP3CA/RBM5/KLF6/CREBRF/PPP1R12A/TXNIP/HINT1/MBNL1/CHD4/NFAT5/TRA2B/BCLAF1/NSD3/KDM6B/GPBP1/TERF2IP/CTNNB1/BPTF/NAMPT/DHX36/SLTM/TRIM44/RESF1/ILF3/CFLAR/TRIM38/NUCKS1/SRSF10/MIER1/IRAK3/TMSB4X/KMT2C/CIR1/EID1/TPR/LCOR/SMARCA5/NFKBIZ/CNOT2/HIF1A/CCNL1/S100A8/SMG1/GPS2/G3BP2/DDX39B/SRSF7/ZNF644/EWSR1/PHF20L1/SLC11A1/SPEN/TET2/SETX/POU2F2/HMGN1/USP3/HP1BP3/SET/EAPP/SRSF4/TACC1/PHIP/TCEA1/ROCK1/RBM39/PRDX5/THRAP3/TAF7/SRSF2/RBBP4/KDM5A/TUT7/PA2G4/XRCC5/LRRFIP1/NDUFA13/HSP90AB1/BIRC2/MED4/TCF25/MAPK1/HNRNPD/MAP2K3/FUS/ZFP36L1/LITAF/TRMT112/USP16/YY1
GO:0000377	RNA splicing, via transesterification reactions with bulged adenosine as nucleophile	0.001402053053948789	HNRNPH1/TRA2A/IK/C9orf78/SF1/HNRNPU/NCL/RBM25/PNN/DDX46/PRPF4B/YTHDC1/SCAF11/RBM5/RSRP1/TRA2B/SRSF10/DDX39B/SRSF7/SETX/SRSF4/SRRM2/RBM39/THRAP3/SRSF2/SNRPD3/ZMAT2/DDX17/SF3B2/LSM7/CWC15/LSM8/HNRNPA3/SON/HNRNPF/SF3B1/QKI/HNRNPA2B1/UBL5/HNRNPK/SRRM1/PTBP1/HNRNPL/PRPF40A/SNW1
GO:0000398	mRNA splicing, via spliceosome	0.001402053053948789	HNRNPH1/TRA2A/IK/C9orf78/SF1/HNRNPU/NCL/RBM25/PNN/DDX46/PRPF4B/YTHDC1/SCAF11/RBM5/RSRP1/TRA2B/SRSF10/DDX39B/SRSF7/SETX/SRSF4/SRRM2/RBM39/THRAP3/SRSF2/SNRPD3/ZMAT2/DDX17/SF3B2/LSM7/CWC15/LSM8/HNRNPA3/SON/HNRNPF/SF3B1/QKI/HNRNPA2B1/UBL5/HNRNPK/SRRM1/PTBP1/HNRNPL/PRPF40A/SNW1
GO:0008380	RNA splicing	0.0014508423771213044	HNRNPH1/CLK1/TRA2A/PRPF38B/IK/C9orf78/SF1/HNRNPU/NCL/RBM25/ZRANB2/PNN/DDX46/PRPF4B/YTHDC1/SCAF11/RBM5/RSRP1/SRSF11/MBNL1/SREK1/TRA2B/SRSF10/CIR1/CCNL1/DDX39B/SRSF7/SETX/SRSF4/SRRM2/RBM39/THRAP3/SRSF2/PPIG/FUS/SNRPD3/ZMAT2/DDX17/AHNAK/SF3B2/LSM7/CWC15/LSM8/HNRNPA3/SON/HNRNPF/SF3B1/QKI/HNRNPA2B1/WBP11/NONO/UBL5/HNRNPK/SRRM1/ARL6IP4/PTBP1
GO:0005783	endoplasmic reticulum	0.0014508423771213044	SPCS2/EEF1B2/COPE/PPP1R15A/APLP2/ERP29/PDIA6/UBA52/DNAJB11/VAPA/KDELR2/SELENOK/METTL9/GABARAP/SEC61G/ACSL4/CCDC88A/RHEB/YBX1/SEC62/HSP90B1/HLA-DRB1/RAC1/SPCS3/SELENOS/TMBIM6/SDCBP/ABCA1/SQSTM1/OSTC/PKM/SSR2/LGALS1/PRNP/CASP4/SSR3/TMEM258/SERPINA1/PDCD6IP/CLIC1/DNAJC3/ARL6IP1/CAPN2/PPIB/XBP1/NOTCH2/DSE/SERP1/HLA-DRA/HLA-DPB1/HLA-DPA1/IFNGR2/PDIA3/SEC61B/CST3/HSPA5/BNIP3L/SEC11A/THBS1/HLA-DQA1/REEP5/INSIG1/HLA-DQB1/NPC2/SDF2L1/TIMP1/TKT/CYP1B1
GO:0006351	DNA-templated transcription	0.0014877057572695279	PDCD4/EZR/FOXP1/PARP14/IFI16/TNFAIP3/IRF1/N4BP2L2/ATRX/KAT6A/AGO2/TLE5/NR3C1/MPHOSPH8/KMT2E/PRMT2/GOLGB1/SF1/CHD1/NLRP3/ASH1L/ARID4B/CIB1/HNRNPU/SMARCE1/PRDM2/CYLD/NCL/CHD2/HMGB1/PPP3CA/PHF3/BDP1/KLF6/CREBRF/USP15/PPP1R12A/TXNIP/HINT1/CHD4/NFAT5/BCLAF1/NSD3/KDM6B/GPBP1/TERF2IP/CTNNB1/BPTF/NAMPT/DHX36/SLTM/TRIM44/ILF3/CFLAR/TRIM38/GTF3A/NUCKS1/SRSF10/MIER1/IRAK3/TMSB4X/KMT2C/CIR1/EID1/TPR/LCOR/SMARCA5/NFKBIZ/CNOT2/HIF1A/CCNL1/S100A8/GPS2/G3BP2/DDX39B/ZNF644/EWSR1/PHF20L1/SLC11A1/SPEN/TET2/SETX/POU2F2/HMGN1/USP3/HP1BP3/SET/EAPP/TACC1/PHIP/TCEA1/PRDX5/THRAP3/TAF7/SRSF2/RBBP4/KDM5A/PA2G4/XRCC5
GO:0016607	nuclear speck	0.001649776302637663	IFI16/KAT6A/IK/NR3C1/KMT2E/HNRNPU/PNISR/RBM25/PNN/DDX46/PRPF4B/YTHDC1/SRSF11/SREK1/HIPK1/BCLAF1/NAMPT/DHX36/SRSF10/CIR1/NFKBIZ/HIF1A/POMP/CCNL1/DDX39B/SRSF7/HP1BP3/EAPP/SRSF4/TRIP12/SRRM2/PPP4R3A/RBM39/THRAP3/SRSF2
GO:0016604	nuclear body	0.0018955983721485813	STK4/IFI16/ATRX/KAT6A/IK/NR3C1/KMT2E/SF1/HNRNPU/PNISR/RBM25/PNN/DDX46/PRPF4B/YTHDC1/SCAF11/USP15/SRSF11/SREK1/HIPK1/BCLAF1/TERF2IP/NAMPT/DHX36/SLTM/SRSF10/CIR1/NFKBIZ/HIF1A/POMP/CCNL1/DDX39B/SRSF7/EWSR1/SETX/HP1BP3/EAPP/SRSF4/TRIP12/SRRM2/PPP4R3A/RBM39/THRAP3/SRSF2
GO:0032774	RNA biosynthetic process	0.002123715501046447	PDCD4/EZR/FOXP1/PARP14/IFI16/TNFAIP3/IRF1/N4BP2L2/ATRX/KAT6A/AGO2/TLE5/NR3C1/MPHOSPH8/KMT2E/PRMT2/GOLGB1/SF1/CHD1/NLRP3/ASH1L/ARID4B/CIB1/HNRNPU/SMARCE1/PRDM2/CYLD/NCL/CHD2/HMGB1/PPP3CA/PHF3/BDP1/KLF6/CREBRF/USP15/PPP1R12A/TXNIP/HINT1/CHD4/NFAT5/BCLAF1/NSD3/KDM6B/GPBP1/TERF2IP/CTNNB1/BPTF/NAMPT/DHX36/SLTM/TRIM44/RESF1/ILF3/CFLAR/TRIM38/GTF3A/NUCKS1/SRSF10/MIER1/IRAK3/TMSB4X/KMT2C/CIR1/EID1/TPR/LCOR/SMARCA5/NFKBIZ/CNOT2/HIF1A/CCNL1/S100A8/GPS2/G3BP2/DDX39B/ZNF644/EWSR1/PHF20L1/SLC11A1/SPEN/TET2/SETX/POU2F2/HMGN1/USP3/HP1BP3/SET/EAPP/TACC1/PHIP/TCEA1/PRDX5/THRAP3/TAF7/SRSF2/RBBP4/KDM5A/PA2G4/XRCC5
GO:0046872	metal ion binding	0.0022852015864349554	MT2A/STK4/RNF19A/FOXP1/FYN/TNFAIP3/ATRX/KAT6A/PDE4B/AGO2/NR3C1/ADGRE5/KMT2E/ADAR/BIRC3/EIF5B/SF1/ASH1L/MACF1/ACAP2/CIB1/SMAP2/PRDM2/CYLD/ZRANB2/TES/SCAF11/PPP3CA/PHF3/RBM5/KLF6/ISCU/BRAF/ADAM17/MBNL1/CHD4/RANBP2/NSD3/LIMD2/KDM6B/BPTF/CRIP1/DNAJA2/DHX36/GNA13/PPP1CB/IDS/TRIM44/TRIM38/GTF3A/CALM3/MYL12A/IRAK3/KMT2C/ZFC3H1/S100A8/PTGS2/PPM1G/SMG1/SRSF7/ZNF644/KPNB1/EWSR1/PHF20L1
GO:0009889	regulation of biosynthetic process	0.0022862311862722295	PDCD4/EZR/FOXP1/PARP14/HNRNPH1/FYN/IFI16/TNFAIP3/IRF1/CLK1/N4BP2L2/ATRX/KAT6A/PTPRC/SLC25A37/TRA2A/PDE4B/SMCHD1/AGO2/TLE5/NR3C1/MPHOSPH8/KMT2E/ADAR/PRMT2/GOLGB1/EIF5B/SF1/CHD1/NLRP3/ASH1L/PTGER4/ARID4B/PLAUR/DDX6/CIB1/HNRNPU/SMARCE1/PRDM2/CYLD/MBP/NCL/CHD2/RBM25/HMGB1/PABPC4/YTHDC1/PPP3CA/RBM5/HLA-F/KLF6/CREBRF/BRAF/ADAM17/PPP1R12A/TXNIP/HINT1/MBNL1/CHD4/TAPBP/RANBP2/NFAT5/TRA2B/BCLAF1/NSD3/KDM6B/GPBP1/TERF2IP/CTNNB1/BPTF/CRIP1/NAMPT/DHX36/HLA-A/PPP1CB/SLTM/TRIM44/RESF1/ILF3/CFLAR/TRIM38/HSPD1/NUCKS1/SRSF10/ARPP19/MIER1/IRAK3/RGS2/TMSB4X/KMT2C/CIR1/EID1/TPR/LCOR/SMARCA5/NFKBIZ/CNOT2/HIF1A/CCNL1/S100A8/PTGS2/NIBAN1/SMG1/GPS2/PDCD10/CDC37/G3BP2/DDX39B/SRSF7/ZNF644/EWSR1/PHF20L1/SLC11A1/SOD1/SPEN/TET2/SETX/POU2F2/EIF4A2/HMGN1/USP3/HP1BP3/SET/EAPP/SRSF4/TACC1/TRIP12/PHIP/TCEA1/ROCK1/RBM39/PRDX5/THRAP3/CD83/TAF7/SRSF2/KRAS/RBBP4/KDM5A/TUT7
GO:1901360	organic cyclic compound metabolic process	0.002750464375087982	PDCD4/EZR/FOXP1/PARP14/HNRNPH1/IFI16/TNFAIP3/IRF1/CLK1/N4BP2L2/ATRX/KAT6A/PTPRC/TRA2A/PRPF38B/PDE4B/SMCHD1/IK/AGO2/SLC2A3/TLE5/NR3C1/MPHOSPH8/KMT2E/ADAR/C9orf78/PRMT2/GOLGB1/SF1/CHD1/NLRP3/ASH1L/ARID4B/DDX24/CIB1/HNRNPU/SMARCE1/PRDM2/CYLD/NCL/CHD2/RBM25/ZRANB2/PNN/DDX46/PRPF4B/NDUFS6/HMGB1/PABPC4/YTHDC1/SCAF11/PPP3CA/PHF3/BDP1/RBM5/KLF6/RSRP1/CREBRF/USP15/PPP1R12A/SRSF11/TXNIP/HINT1/MBNL1/SREK1/CHD4/NFAT5/TRA2B/BCLAF1/NSD3/KDM6B/GPBP1/TERF2IP/CTNNB1/BPTF/NAMPT/DHX36/BOD1L1/SLTM/TRIM44/RESF1/ILF3/CFLAR/TRIM38/GTF3A/HSPD1/NUCKS1/SRSF10/MIER1/IRAK3/TMSB4X/KMT2C/CIR1/EID1/TPR/HNRNPUL1/LCOR/ZFC3H1/SMARCA5/NFKBIZ/CNOT2/HIF1A/CCNL1/U2SURP/S100A8/SMG1/GPS2/PRKAG2/G3BP2/TYMP/DDX39B/SRSF7/ZNF644/EWSR1/PHF20L1/SLC11A1/SOD1/SPEN/TET2/SETX/POU2F2/HMGN1/USP3/HP1BP3/SET/EAPP/SRSF4/TACC1/TRIP12/PHIP/SRRM2/DDX18/TCEA1/ROCK1/RBM39/PRDX5/THRAP3/TAOK3/TAF7/SRSF2/RBBP4/KDM5A/TUT7
GO:0006338	chromatin remodeling	0.0030277505445371715	IFI16/ATRX/KAT6A/SMCHD1/MPHOSPH8/PRMT2/CHD1/ASH1L/ARID4B/HNRNPU/SMARCE1/PRDM2/CHD2/HMGB1/YTHDC1/USP15/CHD4/NFAT5/NSD3/KDM6B/BPTF/RESF1/MIER1/KMT2C/TPR/SMARCA5/NFKBIZ/USP3/HP1BP3/SET/TRIP12/RBBP4/KDM5A/SKP1/TRMT112/USP16/YY1
GO:0000375	RNA splicing, via transesterification reactions	0.0030277505445371715	HNRNPH1/TRA2A/IK/C9orf78/SF1/HNRNPU/NCL/RBM25/PNN/DDX46/PRPF4B/YTHDC1/SCAF11/RBM5/RSRP1/TRA2B/SRSF10/DDX39B/SRSF7/SETX/SRSF4/SRRM2/RBM39/THRAP3/SRSF2/SNRPD3/ZMAT2/DDX17/SF3B2/LSM7/CWC15/LSM8/HNRNPA3/SON/HNRNPF/SF3B1/QKI/HNRNPA2B1/UBL5/HNRNPK/SRRM1/PTBP1/HNRNPL/PRPF40A/SNW1
GO:0010467	gene expression	0.0030277505445371715	PDCD4/EZR/FOXP1/PARP14/HNRNPH1/FYN/IFI16/TNFAIP3/IRF1/CLK1/NKTR/N4BP2L2/ATRX/KAT6A/PTPRC/TRA2A/PRPF38B/PDE4B/SMCHD1/IK/AGO2/TLE5/NR3C1/MPHOSPH8/KMT2E/ADAR/C9orf78/PRMT2/GOLGB1/EIF5B/SF1/CHD1/NLRP3/ASH1L/PTGER4/ABCF1/ARID4B/PLAUR/DDX6/CIB1/HNRNPU/SMARCE1/PRDM2/CYLD/MBP/NCL/CHD2/RBM25/ZRANB2/PNN/DDX46/PRPF4B/HMGB1/PABPC4/YTHDC1/SCAF11/PPP3CA/PHF3/BDP1/RBM5/HLA-F/KLF6/RSRP1/CREBRF/BRAF/USP15/ADAM17/PPP1R12A/SRSF11/TXNIP/HINT1/MBNL1/SREK1/CHD4/TAPBP/RANBP2/NFAT5/TRA2B/BCLAF1/NSD3/KDM6B/GPBP1/TERF2IP/CTNNB1/BPTF/CRIP1/DNAJA2/NAMPT/DHX36/HLA-A/PPP1CB/SLTM/TRIM44/RESF1/ILF3/CFLAR/TRIM38/GTF3A/HSPD1/NUCKS1/SRSF10/MIER1/IRAK3/RGS2/TMSB4X/KMT2C/CIR1/EID1/TPR/HNRNPUL1/LCOR/ZFC3H1/SMARCA5/NFKBIZ/CNOT2/HIF1A/CCNL1/U2SURP/S100A8/PTGS2/RWDD1/NIBAN1/SMG1/GPS2/PDCD10/FKBP1A/CDC37/G3BP2/DDX39B/SRSF7/ZNF644/EWSR1/PHF20L1/SLC11A1/SOD1/SPEN/TET2/SETX/POU2F2/EIF4A2/HMGN1/USP3/HP1BP3/SET/EAPP/SRSF4/TACC1/TRIP12/PHIP/SRRM2/DDX18/TCEA1/ROCK1/RBM39/PRDX5/THRAP3/CD83/TAF7/SRSF2/KRAS/RBBP4/KDM5A/TUT7/PA2G4/XRCC5/LRRFIP1/AIMP1/B2M/ATG12/NDUFA13/HSP90AB1/BIRC2/MED4/MYH9/TCF25/MAPK1/HNRNPD/DNAJA1/ZC3H15/CIAO2B/PPIG/MAP2K3/FUS/ZFP36L1/LITAF/TRMT112/USP16/YY1/WIPF1/SNRPD3/TBCA/SP3/SPCS1/NEDD8/HLA-E
GO:0003677	DNA binding	0.003172826039769218	FOXP1/IFI16/TNFAIP3/IRF1/ATRX/KAT6A/SMCHD1/AGO2/NR3C1/ADAR/GOLGB1/CHD1/NLRP3/ASH1L/ARID4B/HNRNPU/SMARCE1/PRDM2/NCL/CHD2/PNN/HMGB1/RBM5/KLF6/CREBRF/CHD4/NFAT5/BCLAF1/KDM6B/GPBP1/TERF2IP/BPTF/DHX36/SLTM/ILF3/GTF3A/HSPD1/NUCKS1/KMT2C/LCOR/SMARCA5/NFKBIZ/HIF1A/SMG1/ZNF644/SPEN/TET2/SETX/POU2F2/HMGN1/USP3/HP1BP3/ZNF207/SET/TCEA1/PRDX5/THRAP3/TAF7/RBBP4/KDM5A/XRCC5/LRRFIP1/TCF25/MAPK1/HNRNPD/FUS/ZFP36L1/LITAF/YY1/SP3/DDX3X/EP300/ZMAT2/HMGN2/FOSB
GO:2001141	regulation of RNA biosynthetic process	0.0033291898935082468	PDCD4/EZR/FOXP1/PARP14/IFI16/TNFAIP3/IRF1/N4BP2L2/ATRX/KAT6A/AGO2/TLE5/NR3C1/MPHOSPH8/KMT2E/PRMT2/GOLGB1/SF1/CHD1/NLRP3/ASH1L/ARID4B/CIB1/HNRNPU/SMARCE1/PRDM2/CYLD/NCL/CHD2/HMGB1/PPP3CA/KLF6/CREBRF/PPP1R12A/TXNIP/HINT1/CHD4/NFAT5/BCLAF1/NSD3/KDM6B/GPBP1/TERF2IP/CTNNB1/BPTF/NAMPT/DHX36/SLTM/TRIM44/RESF1/ILF3/CFLAR/TRIM38/NUCKS1/SRSF10/MIER1/IRAK3/TMSB4X/KMT2C/CIR1/EID1/TPR/LCOR/SMARCA5/NFKBIZ/CNOT2/HIF1A/CCNL1/S100A8/GPS2/G3BP2/DDX39B/ZNF644/EWSR1/PHF20L1/SLC11A1/SPEN/TET2/SETX/POU2F2/HMGN1/USP3/HP1BP3/SET/EAPP/TACC1/PHIP/TCEA1/PRDX5/THRAP3/TAF7/SRSF2/RBBP4/KDM5A/PA2G4/XRCC5/LRRFIP1/NDUFA13/BIRC2/MED4/TCF25/MAPK1/HNRNPD
GO:0010468	regulation of gene expression	0.003488353354788235	PDCD4/EZR/FOXP1/PARP14/HNRNPH1/FYN/IFI16/TNFAIP3/IRF1/CLK1/N4BP2L2/ATRX/KAT6A/PTPRC/TRA2A/PDE4B/SMCHD1/AGO2/TLE5/NR3C1/MPHOSPH8/KMT2E/ADAR/PRMT2/GOLGB1/EIF5B/SF1/CHD1/NLRP3/ASH1L/PTGER4/ARID4B/PLAUR/DDX6/CIB1/HNRNPU/SMARCE1/PRDM2/CYLD/MBP/NCL/CHD2/RBM25/HMGB1/PABPC4/YTHDC1/PPP3CA/RBM5/HLA-F/KLF6/CREBRF/BRAF/ADAM17/PPP1R12A/TXNIP/HINT1/MBNL1/CHD4/TAPBP/NFAT5/TRA2B/BCLAF1/NSD3/KDM6B/GPBP1/TERF2IP/CTNNB1/BPTF/CRIP1/NAMPT/DHX36/HLA-A/PPP1CB/SLTM/TRIM44/RESF1/ILF3/CFLAR/TRIM38/HSPD1/NUCKS1/SRSF10/MIER1/IRAK3/RGS2/TMSB4X/KMT2C/CIR1/EID1/TPR/LCOR/SMARCA5/NFKBIZ/CNOT2/HIF1A/CCNL1/S100A8/PTGS2/NIBAN1/SMG1/GPS2/PDCD10/CDC37/G3BP2/DDX39B/SRSF7/ZNF644/EWSR1/PHF20L1/SLC11A1/SOD1/SPEN/TET2/SETX/POU2F2/EIF4A2/HMGN1/USP3/HP1BP3/SET/EAPP/SRSF4/TACC1/TRIP12/PHIP/TCEA1/ROCK1/RBM39/PRDX5/THRAP3/CD83/TAF7/SRSF2/KRAS/RBBP4/KDM5A/TUT7
GO:0005681	spliceosomal complex	0.004085938865180484	HNRNPH1/TRA2A/PRPF38B/IK/ADAR/C9orf78/SF1/HNRNPU/NCL/PNN/DDX46/PRPF4B/RBM5/SREK1/TRA2B
GO:0000323	lytic vacuole	0.004085938865180484	CLTA/RAB5C/PSAP/CSF3R/GLIPR1/LAPTM5/LYZ/UBA52/BRI3/VAPA/GABARAP/RHEB/ATP6V0B/HLA-DRB1/RNASEK/ANXA2/SDCBP/SQSTM1/EEF1A1/ASAH1/DNAJC3/CAPN2/IFNAR1/IL1B/HLA-DMA/IFI30/BLOC1S2/SLC3A2/FTH1/HLA-DRA/HLA-DPB1/HLA-DPA1/ARL8B/AP1S2/NCF2/CD63/SERPINB1/FTL/CD68/HLA-DQA1/HLA-DQB1/CREG1/PLAC8/NPC2/ATP6V1F/CTSL
GO:0005764	lysosome	0.004085938865180484	CLTA/RAB5C/PSAP/CSF3R/GLIPR1/LAPTM5/LYZ/UBA52/BRI3/VAPA/GABARAP/RHEB/ATP6V0B/HLA-DRB1/RNASEK/ANXA2/SDCBP/SQSTM1/EEF1A1/ASAH1/DNAJC3/CAPN2/IFNAR1/IL1B/HLA-DMA/IFI30/BLOC1S2/SLC3A2/FTH1/HLA-DRA/HLA-DPB1/HLA-DPA1/ARL8B/AP1S2/NCF2/CD63/SERPINB1/FTL/CD68/HLA-DQA1/HLA-DQB1/CREG1/PLAC8/NPC2/ATP6V1F/CTSL
GO:0061024	membrane organization	0.004339133688666581	PPIF/RAC1/ANXA2/ABCA1/TOMM20/PDCD6IP/ARL6IP1/PTEN/VDAC2/BLOC1S2/SLC25A5/SERP1/ARL8B/IER3/BID/SLC25A6/BNIP3L/ARFGAP3/THBS1/REEP5/INSIG1/NPC2/ANXA1/S100A10/MAFB/CTSL/MTSS1/SYNJ2/LMNA
GO:0030141	secretory granule	0.004339133688666581	CD58/RAB5C/PSAP/PPIA/PSMB7/GLIPR1/APLP2/LYZ/PSMD7/BRI3/VAPA/EEF2/GSTP1/ARPC5/TNFRSF1B/RAC1/TYROBP/ANXA2/SDCBP/PKM/EEF1A1/SERPINA1/ASAH1/FCN1/FCER1G/DNAJC3/S100A11/CD55/IL1B/CD47/VDAC2/FTH1/ITGAX/PNP/NCF2/NME2/CST3/CSTB/CD63/SERPINB1/FTL/CD68/THBS1/CREG1/PLAC8/NPC2/LGALS3/PDXK/TIMP1/CTSL/CFD/OLR1
GO:0099503	secretory vesicle	0.004339133688666581	CD58/CLTA/RAB5C/PSAP/PPIA/PSMB7/GLIPR1/APLP2/RAB5A/LYZ/PSMD7/BRI3/VAPA/EEF2/GSTP1/ARPC5/TNFRSF1B/RAC1/TYROBP/ANXA2/SDCBP/PKM/EEF1A1/SERPINA1/ASAH1/FCN1/FCER1G/DNAJC3/S100A11/CD55/IL1B/CD47/VDAC2/FTH1/ITGAX/PNP/NCF2/NME2/CST3/CSTB/CD63/SERPINB1/FTL/CD68/THBS1/CREG1/PLAC8/NPC2/LGALS3/ATP6V1F/PDXK/TIMP1/CTSL/CFD/OLR1
GO:0043169	cation binding	0.004339133688666581	MT2A/STK4/RNF19A/FOXP1/FYN/TNFAIP3/ATRX/KAT6A/PDE4B/AGO2/NR3C1/ADGRE5/KMT2E/ADAR/BIRC3/EIF5B/SF1/ASH1L/MACF1/ACAP2/CIB1/SMAP2/PRDM2/CYLD/ZRANB2/TES/SCAF11/PPP3CA/PHF3/RBM5/KLF6/ISCU/BRAF/ADAM17/MBNL1/CHD4/RANBP2/NSD3/LIMD2/KDM6B/BPTF/CRIP1/DNAJA2/DHX36/GNA13/PPP1CB/IDS/TRIM44/TRIM38/GTF3A/CALM3/MYL12A/IRAK3/KMT2C/ZFC3H1/S100A8/PTGS2/PPM1G/SMG1/PRKAG2/SRSF7/ZNF644/KPNB1/EWSR1/PHF20L1
GO:0036211	protein modification process	0.004339133688666581	PDCD4/STK4/RNF19A/PARP14/PPP2R5C/FYN/TNFAIP3/CLK1/NKTR/LCP2/KAT6A/PTPRC/ADAR/BIRC3/PRMT2/ASH1L/PLAUR/CIB1/CYLD/NCL/WSB1/PRPF4B/USP34/STK17B/ANKLE2/PPP3CA/BRAF/USP15/ADAM17/PPP1R12A/HINT1/HIPK1/RANBP2/KDM6B/TERF2IP/CTNNB1/PPP1CB/TRIM44/USP8/ILF3/TRIM38/CALM3/SYAP1/ARPP19/MIER1/MAP4K4/IRAK3/RGS2/SMARCA5/ANAPC16/HIF1A/S100A8/PTGS2/PPM1G/NIBAN1/SMG1/GPS2/PDCD10/FKBP1A/PRKAG2/JOSD1/CDC37/PHF20L1/SLC11A1/SOD1/STK10/TET2/SET/TRIP12/PHIP/BLOC1S1/ROCK1/PPP4R3A/PAK2/TAOK3/TAF7/KRAS/RBBP4/XRCC5/ATG12/HSP90AB1/BIRC2/CALM1/TCF25/MAPK1/SKP1/DNAJA1/PPIG/MAP2K3/TRMT112/USP16/SNRPD3/NEDD8/VPS28/AAK1/DDX3X/EP300/GMFG/MED10/B4GALT1/ITGB2
GO:0031090	organelle membrane	0.004339133688666581	ATP6V1G1/ATP5MG/CSGALNACT2/ANXA7/VDAC1/TMED5/SELENOT/ATP5F1D/CLTC/ELOVL5/RAB2A/CHMP2B/GHITM/SNX3/LST1/NDUFB4/CTSZ/SERINC1/SPAG9/SSR4/RAP1B/GALNT1/ZFYVE16/NDUFA6/UBXN1/PJA2/MAP1LC3B/TRAM1/CHMP4B/GRB2/CD74/LYN/RAP2B/ARF1/RTN4/RAC2/CD58/FOXO3/ASAP1/CLTA/RAB5C/PSAP/SPCS2/ENO1/COPE/COX4I1/UQCRH/CSF3R/PPP1R15A/PLEC/GLIPR1/APLP2/LAPTM5/RAB5A/PDIA6/UBA52/BRI3/VAPA/UQCRB/KDELR2/SELENOK/GABARAP/SEC61G/ACSL4/RHEB/SEC62/HSP90B1/UQCRFS1/ATP6V0B/TNFRSF1B/HLA-DRB1/RAC1/SPCS3/SELENOS/TYROBP/TMBIM6/RNASEK/ANXA2/SDCBP/RHOQ/ABCA1/OSTC/SSR2/EEF1A1/TOMM20/PRNP/CASP4/CCNI/SMDT1/SSR3/EREG/TMEM258/SERPINA1/FCER1G/MCUB/ACBD3/NDUFB9/GADD45GIP1/CLIC1/ARL6IP1/RNF144B/DENND5A/ARF4/COX7A2L/CD55/HLA-DMA/HIGD2A/XBP1/CD47/ATP5MC2/NOTCH2/VDAC2/BLOC1S2/ITGB1/DSE/SLC25A5/SLC3A2/SERP1/HLA-DRA/HLA-DPB1/HLA-DPA1/ITGAX/IFNGR2/ARL8B/PDIA3/SEC61B/STK24/GAPDH/AP1S2/HSPA5/BID/SLC25A6/BNIP3L/CD63/ARFGAP3/C15orf48/CD68/SEC11A/HLA-DQA1/REEP5/INSIG1/HLA-DQB1/ANXA1/LGALS3/ATP6V1F/TKT/LMNA/OLR1/CYP1B1
GO:0010556	regulation of macromolecule biosynthetic process	0.004339133688666581	PDCD4/EZR/FOXP1/PARP14/HNRNPH1/FYN/IFI16/TNFAIP3/IRF1/CLK1/N4BP2L2/ATRX/KAT6A/PTPRC/SLC25A37/TRA2A/PDE4B/SMCHD1/AGO2/TLE5/NR3C1/MPHOSPH8/KMT2E/ADAR/PRMT2/GOLGB1/EIF5B/SF1/CHD1/NLRP3/ASH1L/PTGER4/ARID4B/PLAUR/DDX6/CIB1/HNRNPU/SMARCE1/PRDM2/CYLD/MBP/NCL/CHD2/RBM25/HMGB1/PABPC4/YTHDC1/PPP3CA/RBM5/HLA-F/KLF6/CREBRF/BRAF/ADAM17/PPP1R12A/TXNIP/HINT1/MBNL1/CHD4/TAPBP/NFAT5/TRA2B/BCLAF1/NSD3/KDM6B/GPBP1/TERF2IP/CTNNB1/BPTF/CRIP1/NAMPT/DHX36/HLA-A/PPP1CB/SLTM/TRIM44/RESF1/ILF3/CFLAR/TRIM38/HSPD1/NUCKS1/SRSF10/MIER1/IRAK3/RGS2/TMSB4X/KMT2C/CIR1/EID1/TPR/LCOR/SMARCA5/NFKBIZ/CNOT2/HIF1A/CCNL1/S100A8/PTGS2/NIBAN1/SMG1/GPS2/PDCD10/CDC37/G3BP2/DDX39B/SRSF7/ZNF644/EWSR1/PHF20L1/SLC11A1/SOD1/SPEN/TET2/SETX/POU2F2/EIF4A2/HMGN1/USP3/HP1BP3/SET/EAPP/SRSF4/TACC1/TRIP12/PHIP/TCEA1/ROCK1/RBM39/PRDX5/THRAP3/CD83/TAF7/SRSF2/KRAS/RBBP4/KDM5A/TUT7
GO:0031326	regulation of cellular biosynthetic process	0.004339133688666581	PDCD4/EZR/FOXP1/PARP14/HNRNPH1/FYN/IFI16/TNFAIP3/IRF1/CLK1/N4BP2L2/ATRX/KAT6A/PTPRC/SLC25A37/TRA2A/PDE4B/SMCHD1/AGO2/TLE5/NR3C1/MPHOSPH8/KMT2E/ADAR/PRMT2/GOLGB1/EIF5B/SF1/CHD1/NLRP3/ASH1L/PTGER4/ARID4B/PLAUR/DDX6/CIB1/HNRNPU/SMARCE1/PRDM2/CYLD/MBP/NCL/CHD2/RBM25/HMGB1/PABPC4/YTHDC1/PPP3CA/RBM5/HLA-F/KLF6/CREBRF/BRAF/ADAM17/PPP1R12A/TXNIP/HINT1/MBNL1/CHD4/TAPBP/NFAT5/TRA2B/BCLAF1/NSD3/KDM6B/GPBP1/TERF2IP/CTNNB1/BPTF/CRIP1/NAMPT/DHX36/HLA-A/PPP1CB/SLTM/TRIM44/RESF1/ILF3/CFLAR/TRIM38/HSPD1/NUCKS1/SRSF10/ARPP19/MIER1/IRAK3/RGS2/TMSB4X/KMT2C/CIR1/EID1/TPR/LCOR/SMARCA5/NFKBIZ/CNOT2/HIF1A/CCNL1/S100A8/PTGS2/NIBAN1/SMG1/GPS2/PDCD10/CDC37/G3BP2/DDX39B/SRSF7/ZNF644/EWSR1/PHF20L1/SLC11A1/SOD1/SPEN/TET2/SETX/POU2F2/EIF4A2/HMGN1/USP3/HP1BP3/SET/EAPP/SRSF4/TACC1/TRIP12/PHIP/TCEA1/ROCK1/RBM39/PRDX5/THRAP3/CD83/TAF7/SRSF2/KRAS/RBBP4/KDM5A/TUT7
GO:0051171	regulation of nitrogen compound metabolic process	0.004339133688666581	PDCD4/STK4/RNF19A/EZR/FOXP1/PARP14/HNRNPH1/FYN/IFI16/TNFAIP3/IRF1/CLK1/N4BP2L2/LCP2/ATRX/KAT6A/PTPRC/SLC25A37/TRA2A/SMCHD1/AGO2/TLE5/NR3C1/MPHOSPH8/KMT2E/ADAR/BIRC3/PRMT2/GOLGB1/EIF5B/SF1/CHD1/NLRP3/ASH1L/ARID4B/PLAUR/DDX6/CIB1/HNRNPU/SMARCE1/PRDM2/CYLD/MBP/NCL/CHD2/RBM25/PSME2/HMGB1/PABPC4/YTHDC1/ANKLE2/PPP3CA/RBM5/KLF6/CREBRF/BRAF/ADAM17/PPP1R12A/TXNIP/HINT1/MBNL1/CHD4/NFAT5/TRA2B/BCLAF1/NSD3/KDM6B/GPBP1/TERF2IP/CTNNB1/BPTF/NAMPT/DHX36/SLTM/TRIM44/RESF1/USP8/ILF3/CFLAR/TRIM38/CALM3/HSPD1/NUCKS1/SYAP1/SRSF10/ARPP19/MIER1/IRAK3/RGS2/TMSB4X/KMT2C/CIR1/EID1/TPR/LCOR/SMARCA5/NFKBIZ/CNOT2/HIF1A/CCNL1/S100A8/PTGS2/NIBAN1/SMG1/GPS2/PDCD10/FKBP1A/PRKAG2/CDC37/G3BP2/DDX39B/SRSF7/ZNF644/EWSR1/PHF20L1/SLC11A1/SOD1/SPEN/TET2/SETX/POU2F2/EIF4A2/HMGN1/USP3/HP1BP3/SET/EAPP/PMAIP1/SRSF4/TACC1/PHIP/TCEA1/ROCK1/RBM39/PRDX5/PAK2/THRAP3/TAOK3/TAF7/SRSF2/KRAS/RBBP4/KDM5A/TUT7/PA2G4/ARL6IP5/XRCC5/LRRFIP1/NDUFA13/HSP90AB1/BIRC2/MED4/CALM1/MYH9/TCF25/MAPK1/HNRNPD/SKP1/DNAJA1/PSME1/MAP2K3/FUS/ZFP36L1/LITAF/TRMT112/USP16/YY1
GO:0006355	regulation of DNA-templated transcription	0.004496855377557012	PDCD4/EZR/FOXP1/PARP14/IFI16/TNFAIP3/IRF1/N4BP2L2/ATRX/KAT6A/AGO2/TLE5/NR3C1/MPHOSPH8/KMT2E/PRMT2/GOLGB1/SF1/CHD1/NLRP3/ASH1L/ARID4B/CIB1/HNRNPU/SMARCE1/PRDM2/CYLD/NCL/CHD2/HMGB1/PPP3CA/KLF6/CREBRF/PPP1R12A/TXNIP/HINT1/CHD4/NFAT5/BCLAF1/NSD3/KDM6B/GPBP1/TERF2IP/CTNNB1/BPTF/NAMPT/DHX36/SLTM/TRIM44/ILF3/CFLAR/TRIM38/NUCKS1/SRSF10/MIER1/IRAK3/TMSB4X/KMT2C/CIR1/EID1/TPR/LCOR/SMARCA5/NFKBIZ/CNOT2/HIF1A/CCNL1/S100A8/GPS2/G3BP2/DDX39B/ZNF644/EWSR1/PHF20L1/SLC11A1/SPEN/TET2/SETX/POU2F2/HMGN1/USP3/HP1BP3/SET/EAPP/TACC1/PHIP/TCEA1/PRDX5/THRAP3/TAF7/SRSF2/RBBP4/KDM5A/PA2G4/XRCC5/LRRFIP1/NDUFA13/BIRC2/MED4/TCF25/MAPK1/HNRNPD/MAP2K3/FUS/LITAF/USP16/YY1
GO:0043412	macromolecule modification	0.004674146391663751	PDCD4/STK4/RNF19A/PARP14/PPP2R5C/FYN/TNFAIP3/CLK1/NKTR/LCP2/ATRX/KAT6A/PTPRC/MPHOSPH8/KMT2E/ADAR/BIRC3/PRMT2/ASH1L/ARID4B/PLAUR/CIB1/CYLD/NCL/WSB1/PRPF4B/USP34/STK17B/ANKLE2/PPP3CA/BRAF/USP15/ADAM17/PPP1R12A/HINT1/HIPK1/RANBP2/KDM6B/TERF2IP/CTNNB1/PPP1CB/TRIM44/USP8/ILF3/TRIM38/CALM3/SYAP1/ARPP19/MIER1/MAP4K4/IRAK3/RGS2/SMARCA5/ANAPC16/HIF1A/S100A8/PTGS2/PPM1G/NIBAN1/SMG1/GPS2/PDCD10/FKBP1A/PRKAG2/JOSD1/CDC37/PHF20L1/SLC11A1/SOD1/STK10/TET2/SET/TRIP12/PHIP/BLOC1S1/ROCK1/PPP4R3A/PAK2/TAOK3/TAF7/KRAS/RBBP4/XRCC5/ATG12/HSP90AB1/BIRC2/CALM1/TCF25/MAPK1/SKP1/DNAJA1/PPIG/MAP2K3/TRMT112/USP16/SNRPD3/NEDD8/VPS28/AAK1/DDX3X/EP300/GMFG/MED10
GO:0043167	ion binding	0.005214051494914395	MT2A/STK4/RNF19A/FOXP1/SEPTIN7/FYN/TNFAIP3/CLK1/IQGAP2/ATRX/KAT6A/PDE4B/SMCHD1/AGO2/NR3C1/ADGRE5/ARL4C/KMT2E/ADAR/BIRC3/EIF5B/SF1/CHD1/NLRP3/ASH1L/ABCF1/DDX24/MACF1/ACAP2/DDX6/GBP2/CIB1/HNRNPU/SMAP2/PRDM2/CYLD/CHD2/ZRANB2/DDX46/PRPF4B/TES/STK17B/SCAF11/PPP3CA/PHF3/RBM5/KLF6/ISCU/BRAF/ADAM17/MBNL1/CHD4/HIPK1/RANBP2/NSD3/LIMD2/KDM6B/BPTF/CRIP1/DNAJA2/DHX36/GNA13/PPP1CB/IDS/TRIM44/TRIM38/GTF3A/CALM3/HSPD1/MYL12A/MAP4K4/IRAK3/KMT2C/ZFC3H1/SMARCA5/S100A8/PTGS2/PPM1G/SMG1/PRKAG2/DDX39B/SRSF7/ZNF644/KPNB1/EWSR1/PHF20L1/SOD1/STK10/TET2/SETX/EIF4A2/USP3/ZNF207/DDX18/CERT1/TCEA1/ROCK1/PAK2/THRAP3/TAOK3/KRAS/KDM5A/TUT7/RAB8A/XRCC5/RAB8B/ITSN2/DYNC1H1/NDUFA13/HSP90AB1/BIRC2/CALM1/MYH9/MAPK1/DNAJA1/ZC3H15/MAP2K3/FUS/ZFP36L1/LITAF/USP16/YY1/GUK1
GO:0005694	chromosome	0.005449301811618816	FOXP1/PPP2R5C/SEPTIN7/IRF1/ATRX/KAT6A/SMCHD1/IK/NR3C1/MPHOSPH8/KMT2E/C9orf78/CHD1/ASH1L/ARID4B/HNRNPU/SMARCE1/NCL/CHD2/PRPF4B/HMGB1/KLF6/PPP1R12A/CHD4/NFAT5/NSD3/TERF2IP/CTNNB1/BPTF/DHX36/BOD1L1/PPP1CB/NUCKS1/TPR/SMARCA5/ANAPC16/HIF1A/PHF20L1/TET2/SETX/POU2F2/HMGN1/USP3/HP1BP3/ZNF207/SET/STAG2/DDX18/ARPC4/TAF7/RBBP4/KDM5A/DYNLL1/XRCC5
GO:0080090	regulation of primary metabolic process	0.0057867755492132305	PDCD4/STK4/RNF19A/EZR/FOXP1/PARP14/HNRNPH1/FYN/IFI16/TNFAIP3/IRF1/CLK1/N4BP2L2/LCP2/ATRX/KAT6A/PTPRC/SLC25A37/TRA2A/SMCHD1/AGO2/TLE5/NR3C1/MPHOSPH8/KMT2E/ADAR/BIRC3/PRMT2/GOLGB1/EIF5B/SF1/CHD1/NLRP3/ASH1L/ARID4B/PLAUR/DDX6/CIB1/HNRNPU/SMARCE1/PRDM2/CYLD/MBP/NCL/CHD2/RBM25/PSME2/HMGB1/PABPC4/YTHDC1/ANKLE2/PPP3CA/RBM5/KLF6/CREBRF/BRAF/ADAM17/PPP1R12A/TXNIP/HINT1/MBNL1/CHD4/RANBP2/NFAT5/TRA2B/BCLAF1/NSD3/KDM6B/GPBP1/TERF2IP/CTNNB1/BPTF/NAMPT/DHX36/PPP1CB/SLTM/TRIM44/RESF1/USP8/ILF3/CFLAR/TRIM38/CALM3/HSPD1/NUCKS1/SYAP1/SRSF10/ARPP19/MIER1/IRAK3/RGS2/TMSB4X/KMT2C/CIR1/EID1/TPR/LCOR/SMARCA5/NFKBIZ/CNOT2/HIF1A/CCNL1/S100A8/PTGS2/NIBAN1/SMG1/GPS2/PDCD10/FKBP1A/PRKAG2/CDC37/G3BP2/DDX39B/SRSF7/ZNF644/EWSR1/PHF20L1/SLC11A1/SOD1/SPEN/TET2/SETX/POU2F2/EIF4A2/HMGN1/USP3/HP1BP3/SET/EAPP/PMAIP1/SRSF4/TACC1/PHIP/TCEA1/ROCK1/RBM39/PRDX5/PAK2/THRAP3/TAOK3/TAF7/SRSF2/KRAS/RBBP4/KDM5A/TUT7/PA2G4/ARL6IP5/XRCC5
GO:0005773	vacuole	0.009573321159280298	MAP1LC3B/SRGN/CHMP4B/CD74/LYN/CLTA/RAB5C/PSAP/CSF3R/GLIPR1/LAPTM5/LYZ/UBA52/BRI3/VAPA/GABARAP/RHEB/ATP6V0B/HLA-DRB1/RNASEK/ANXA2/SDCBP/SQSTM1/EEF1A1/ASAH1/DNAJC3/CAPN2/IFNAR1/IL1B/HLA-DMA/IFI30/BLOC1S2/SLC3A2/FTH1/HLA-DRA/HLA-DPB1/HLA-DPA1/ARL8B/AP1S2/NCF2/CD63/SERPINB1/FTL/CD68/HLA-DQA1/HLA-DQB1/CREG1/PLAC8/NPC2/ATP6V1F/CTSL
GO:0005789	endoplasmic reticulum membrane	0.009800223041774756	RHOA/UFD1/CANX/ATP6AP2/HERPUD1/WDR83OS/MGST3/CALR/ANXA7/TMED5/SELENOT/ELOVL5/RAB2A/SERINC1/SSR4/GALNT1/UBXN1/PJA2/TRAM1/CD74/RTN4/RAC2/SPCS2/COPE/PPP1R15A/PDIA6/UBA52/VAPA/KDELR2/SELENOK/SEC61G/ACSL4/RHEB/SEC62/HSP90B1/HLA-DRB1/RAC1/SPCS3/SELENOS/TMBIM6/SDCBP/ABCA1/OSTC/SSR2/CASP4/SSR3/TMEM258/ARL6IP1/XBP1/NOTCH2/DSE/SERP1/HLA-DRA/HLA-DPB1/HLA-DPA1/IFNGR2/PDIA3/SEC61B/HSPA5/SEC11A/HLA-DQA1/REEP5/INSIG1/HLA-DQB1/TKT/CYP1B1
GO:0031347	regulation of defense response	0.011014752440473187	NKG7/PDCD4/FOXP1/PARP14/FYN/IFI16/TNFAIP3/IRF1/PTPRC/ADAR/BIRC3/NLRP3/ASH1L/PTGER4/GBP2/CYLD/HMGB1/HLA-F/USP15/HLA-A/TRIM44/TRIM38/HSPD1/IRAK3/TMSB4X/NFKBIZ/IL10RA/S100A8/PTGS2/GPS2/CDC37
GO:0042175	nuclear outer membrane-endoplasmic reticulum membrane network	0.01119114194995962	RHOA/UFD1/CANX/ATP6AP2/HERPUD1/WDR83OS/MGST3/CALR/ANXA7/TMED5/SELENOT/ELOVL5/RAB2A/SERINC1/SSR4/GALNT1/UBXN1/PJA2/TRAM1/CD74/RTN4/RAC2/SPCS2/ENO1/COPE/PPP1R15A/PDIA6/UBA52/VAPA/KDELR2/SELENOK/SEC61G/ACSL4/RHEB/SEC62/HSP90B1/HLA-DRB1/RAC1/SPCS3/SELENOS/TMBIM6/SDCBP/ABCA1/OSTC/SSR2/CASP4/SSR3/TMEM258/ARL6IP1/XBP1/NOTCH2/DSE/SERP1/HLA-DRA/HLA-DPB1/HLA-DPA1/IFNGR2/PDIA3/SEC61B/HSPA5/SEC11A/HLA-DQA1/REEP5/INSIG1/HLA-DQB1/TKT/CYP1B1
GO:0003712	transcription coregulator activity	0.013337029198603464	PARP14/N4BP2L2/KAT6A/TLE5/KMT2E/PRMT2/SF1/HNRNPU/SMARCE1/HMGB1/CHD4/BCLAF1/CTNNB1/TRIM38/NUCKS1/MIER1/KMT2C/CIR1/EID1/LCOR/NFKBIZ/CNOT2/GPS2/EWSR1/SPEN/TACC1/THRAP3/SRSF2/KDM5A/PA2G4/BIRC2/MED4/TCF25/FUS/USP16/EP300/MED10/DDX17
GO:0009059	macromolecule biosynthetic process	0.013337029198603464	PDCD4/EZR/FOXP1/PARP14/HNRNPH1/FYN/IFI16/TNFAIP3/IRF1/CLK1/NKTR/N4BP2L2/ATRX/KAT6A/PTPRC/SLC25A37/TRA2A/PRPF38B/PDE4B/SMCHD1/IK/AGO2/TLE5/NR3C1/MPHOSPH8/KMT2E/ADAR/C9orf78/PRMT2/GOLGB1/EIF5B/SF1/CHD1/NLRP3/ASH1L/PTGER4/ABCF1/ARID4B/PLAUR/DDX6/CIB1/HNRNPU/SMARCE1/PRDM2/CYLD/MBP/NCL/CHD2/RBM25/ZRANB2/PNN/DDX46/PRPF4B/HMGB1/PABPC4/YTHDC1/SCAF11/PPP3CA/PHF3/BDP1/RBM5/HLA-F/KLF6/RSRP1/CREBRF/BRAF/USP15/ADAM17/PPP1R12A/SRSF11/TXNIP/HINT1/MBNL1/SREK1/CHD4/TAPBP/RANBP2/NFAT5/TRA2B/BCLAF1/NSD3/KDM6B/GPBP1/TERF2IP/CTNNB1/BPTF/CRIP1/DNAJA2/NAMPT/DHX36/HLA-A/PPP1CB/SLTM/TRIM44/RESF1/ILF3/CFLAR/TRIM38/GTF3A/HSPD1/NUCKS1/SRSF10/MIER1/IRAK3/RGS2/TMSB4X/KMT2C/CIR1/EID1/TPR/HNRNPUL1/LCOR/ZFC3H1/SMARCA5/NFKBIZ/CNOT2/HIF1A/CCNL1/U2SURP/S100A8/PTGS2/RWDD1/NIBAN1/SMG1/GPS2/PDCD10/FKBP1A/CDC37/G3BP2/DDX39B/SRSF7/ZNF644/EWSR1/PHF20L1/SLC11A1
GO:0031983	vesicle lumen	0.015329968113855164	PPIA/PSMB7/LYZ/PSMD7/EEF2/GSTP1/ARPC5/ANXA2/SDCBP/PKM/EEF1A1/SERPINA1/FCN1/DNAJC3/S100A11/PNP/NME2/CSTB/SERPINB1/FTL/THBS1/CREG1/PLAC8/NPC2/PDXK/TIMP1/CFD
GO:0034774	secretory granule lumen	0.015329968113855164	PPIA/PSMB7/LYZ/PSMD7/EEF2/GSTP1/ARPC5/ANXA2/SDCBP/PKM/EEF1A1/SERPINA1/FCN1/DNAJC3/S100A11/PNP/NME2/CSTB/SERPINB1/FTL/THBS1/CREG1/PLAC8/NPC2/PDXK/TIMP1/CFD
GO:0060205	cytoplasmic vesicle lumen	0.015329968113855164	PPIA/PSMB7/LYZ/PSMD7/EEF2/GSTP1/ARPC5/ANXA2/SDCBP/PKM/EEF1A1/SERPINA1/FCN1/DNAJC3/S100A11/PNP/NME2/CSTB/SERPINB1/FTL/THBS1/CREG1/PLAC8/NPC2/PDXK/TIMP1/CFD
GO:0031323	regulation of cellular metabolic process	0.015503587291077292	PDCD4/STK4/EZR/FOXP1/PARP14/HNRNPH1/FYN/IFI16/TNFAIP3/IRF1/CLK1/N4BP2L2/LCP2/ATRX/KAT6A/PTPRC/SLC25A37/TRA2A/PDE4B/SMCHD1/AGO2/TLE5/NR3C1/MPHOSPH8/KMT2E/ADAR/PRMT2/GOLGB1/EIF5B/SF1/CHD1/NLRP3/ASH1L/PTGER4/ARID4B/MCL1/PLAUR/DDX6/CIB1/HNRNPU/SMARCE1/PRDM2/CYLD/MBP/NCL/CHD2/RBM25/HMGB1/PABPC4/YTHDC1/ANKLE2/PPP3CA/RBM5/HLA-F/KLF6/ISCU/CREBRF/BRAF/ADAM17/PPP1R12A/TXNIP/HINT1/MBNL1/CHD4/TAPBP/NFAT5/TRA2B/BCLAF1/NSD3/KDM6B/GPBP1/TERF2IP/CTNNB1/BPTF/CRIP1/NAMPT/DHX36/HLA-A/PPP1CB/SLTM/TRIM44/RESF1/ILF3/CFLAR/TRIM38/CALM3/HSPD1/NUCKS1/SYAP1/SRSF10/ARPP19/MIER1/IRAK3/RGS2/TMSB4X/KMT2C/CIR1/EID1/TPR/LCOR/SMARCA5/NFKBIZ/CNOT2/HIF1A/CCNL1/IL10RA/S100A8/PTGS2/NIBAN1/SMG1/GPS2/PDCD10/FKBP1A/PRKAG2/CDC37/G3BP2/DDX39B/SRSF7/ZNF644/EWSR1/PHF20L1/SLC11A1/SOD1/SPEN/TET2/SETX/POU2F2/EIF4A2/HMGN1/USP3/HP1BP3/SET/EAPP/SRSF4/TACC1/TRIP12/PHIP/TCEA1/ROCK1/RBM39/PRDX5/PAK2/THRAP3/CD83/TAOK3/TAF7/SRSF2/KRAS/RBBP4/KDM5A/TUT7/RAB8A/DYNLL1/PA2G4
GO:0016071	mRNA metabolic process	0.01655622674516399	HNRNPH1/TRA2A/PRPF38B/IK/AGO2/ADAR/C9orf78/SF1/HNRNPU/NCL/RBM25/ZRANB2/PNN/DDX46/PRPF4B/PABPC4/YTHDC1/SCAF11/RBM5/RSRP1/SRSF11/MBNL1/SREK1/TRA2B/DHX36/SLTM/SRSF10/CIR1/NFKBIZ/CNOT2/SMG1/DDX39B/SRSF7/SLC11A1/SETX/SRSF4/SRRM2/ROCK1/RBM39/THRAP3/TAF7/SRSF2/TUT7
GO:0060255	regulation of macromolecule metabolic process	0.01655622674516399	PDCD4/STK4/RNF19A/EZR/FOXP1/PARP14/HNRNPH1/FYN/IFI16/TNFAIP3/IRF1/CLK1/N4BP2L2/LCP2/ATRX/KAT6A/PTPRC/SLC25A37/TRA2A/PDE4B/SMCHD1/AGO2/TLE5/NR3C1/MPHOSPH8/KMT2E/ADAR/BIRC3/PRMT2/GOLGB1/EIF5B/SF1/CHD1/NLRP3/ASH1L/PTGER4/ARID4B/PLAUR/DDX6/CIB1/HNRNPU/SMARCE1/PRDM2/CYLD/MBP/NCL/CHD2/RBM25/PSME2/HMGB1/PABPC4/YTHDC1/ANKLE2/PPP3CA/RBM5/HLA-F/KLF6/CREBRF/BRAF/ADAM17/PPP1R12A/TXNIP/HINT1/MBNL1/CHD4/TAPBP/NFAT5/TRA2B/BCLAF1/NSD3/KDM6B/GPBP1/TERF2IP/CTNNB1/BPTF/CRIP1/NAMPT/DHX36/HLA-A/PPP1CB/SLTM/TRIM44/RESF1/USP8/ILF3/CFLAR/TRIM38/CALM3/HSPD1/NUCKS1/SYAP1/SRSF10/ARPP19/MIER1/IRAK3/RGS2/TMSB4X/KMT2C/CIR1/EID1/TPR/LCOR/SMARCA5/NFKBIZ/CNOT2/HIF1A/CCNL1/S100A8/PTGS2/NIBAN1/SMG1/GPS2/PDCD10/FKBP1A/PRKAG2/CDC37/G3BP2/DDX39B/SRSF7/ZNF644/EWSR1/PHF20L1/SLC11A1/SOD1/SPEN/TET2/SETX/POU2F2/EIF4A2/HMGN1/USP3/HP1BP3/SET/EAPP/PMAIP1/SRSF4/TACC1/TRIP12/PHIP/TCEA1/ROCK1/RBM39/PRDX5/PAK2/THRAP3/CD83/TAOK3/TAF7/SRSF2/KRAS/RBBP4/KDM5A/TUT7/PA2G4/ARL6IP5/XRCC5/LRRFIP1/B2M/ATG12/NDUFA13/HSP90AB1/BIRC2/MED4/CALM1/MYH9/TCF25/MAPK1/HNRNPD/SKP1/DNAJA1/PSME1/MAP2K3/FUS/ZFP36L1/LITAF/TRMT112/USP16/YY1
GO:0034641	cellular nitrogen compound metabolic process	0.01655622674516399	PDCD4/EZR/FOXP1/PARP14/HNRNPH1/IFI16/TNFAIP3/IRF1/CLK1/N4BP2L2/ATRX/KAT6A/PTPRC/TRA2A/PRPF38B/PDE4B/SMCHD1/IK/AGO2/TLE5/NR3C1/MPHOSPH8/KMT2E/ADAR/C9orf78/PRMT2/GOLGB1/EIF5B/SF1/CHD1/NLRP3/ASH1L/ABCF1/ARID4B/DDX24/DDX6/CIB1/HNRNPU/SMARCE1/PRDM2/CYLD/NCL/CHD2/RBM25/ZRANB2/PNN/DDX46/PRPF4B/NDUFS6/HMGB1/PABPC4/YTHDC1/SCAF11/PPP3CA/PHF3/BDP1/RBM5/KLF6/RSRP1/CREBRF/USP15/PPP1R12A/SRSF11/TXNIP/HINT1/MBNL1/SREK1/CHD4/NFAT5/TRA2B/BCLAF1/NSD3/KDM6B/GPBP1/TERF2IP/CTNNB1/BPTF/NAMPT/DHX36/BOD1L1/SLTM/TRIM44/RESF1/ILF3/CFLAR/TRIM38/GTF3A/HSPD1/NUCKS1/SRSF10/MIER1/IRAK3/RGS2/TMSB4X/KMT2C/CIR1/EID1/TPR/HNRNPUL1/LCOR/ZFC3H1/SMARCA5/NFKBIZ/CNOT2/HIF1A/CCNL1/U2SURP/S100A8/PTGS2/RWDD1/NIBAN1/SMG1/GPS2/PRKAG2/G3BP2/TYMP/DDX39B/SRSF7/ZNF644/EWSR1/PHF20L1/SLC11A1/SPEN/TET2/SETX/POU2F2/EIF4A2/HMGN1/USP3/HP1BP3/GLS/SET/EAPP/SRSF4/TACC1/TRIP12/PHIP/SRRM2/DDX18
GO:0140678	molecular function inhibitor activity	0.016843980162502017	TMBIM6/ANXA2/PRNP/SERPINA1/MCUB/SERPINB9/DNAJC3/GAS5/ANXA5/CARD16/IL1RN/DDIT3/CSTA/GAPDH/CST3/RACK1/CSTB/PPP1R14B/SERPINB1/THBS1/ANXA1/LGALS3/TIMP1
GO:0003676	nucleic acid binding	0.018774882853223384	PDCD4/EZR/FOXP1/HNRNPH1/IFI16/TNFAIP3/IRF1/ATRX/KAT6A/TRA2A/PRPF38B/SMCHD1/AGO2/NR3C1/ADAR/C9orf78/GOLGB1/EIF5B/SF1/CHD1/NLRP3/ASH1L/ABCF1/ARID4B/DDX24/MACF1/DDX6/HNRNPU/SMARCE1/PRDM2/NCL/PNISR/CHD2/RBM25/ZRANB2/PNN/DDX46/PRPF4B/TES/HMGB1/PABPC4/YTHDC1/SCAF11/RBM5/KLF6/CREBRF/SRSF11/MBNL1/SREK1/CHD4/RANBP2/NFAT5/TRA2B/BCLAF1/KDM6B/GPBP1/TERF2IP/BPTF/FAM133B/DHX36/HLA-A/SLTM/ILF3/GTF3A/HSPD1/NUCKS1/SRSF10/TMSB4X/KMT2C/TPR/HNRNPUL1/LCOR/RBM33/SMARCA5/NFKBIZ/HIF1A/U2SURP/SMG1/G3BP2/DDX39B/SRSF7/ZNF644/KPNB1/EWSR1/SPEN/TET2/SETX/POU2F2/EIF4A2/PRRC2C/HMGN1/USP3/HP1BP3/ZNF207/SET/SRSF4/SRRM2/DDX18/TCEA1/RBM39/PRDX5/RSRC2/THRAP3/TAF7/SRSF2/RBBP4/KDM5A/TUT7/PA2G4/XRCC5/LRRFIP1/AIMP1/ANKHD1/DYNC1H1/HSP90AB1/MYH9/TCF25/MAPK1/HNRNPD/ZC3H15/PPIG/FUS/ZFP36L1/LITAF/YY1/SNRPD3/TBCA/SP3/CORO1A
GO:0034654	nucleobase-containing compound biosynthetic process	0.021751959617773736	PDCD4/EZR/FOXP1/PARP14/IFI16/TNFAIP3/IRF1/N4BP2L2/ATRX/KAT6A/AGO2/TLE5/NR3C1/MPHOSPH8/KMT2E/PRMT2/GOLGB1/SF1/CHD1/NLRP3/ASH1L/ARID4B/CIB1/HNRNPU/SMARCE1/PRDM2/CYLD/NCL/CHD2/NDUFS6/HMGB1/PPP3CA/PHF3/BDP1/KLF6/CREBRF/USP15/PPP1R12A/TXNIP/HINT1/CHD4/NFAT5/BCLAF1/NSD3/KDM6B/GPBP1/TERF2IP/CTNNB1/BPTF/NAMPT/DHX36/SLTM/TRIM44/RESF1/ILF3/CFLAR/TRIM38/GTF3A/NUCKS1/SRSF10/MIER1/IRAK3/TMSB4X/KMT2C/CIR1/EID1/TPR/LCOR/SMARCA5/NFKBIZ/CNOT2/HIF1A/CCNL1/S100A8/GPS2/PRKAG2/G3BP2/DDX39B/ZNF644/EWSR1/PHF20L1/SLC11A1/SPEN/TET2/SETX/POU2F2/HMGN1/USP3/HP1BP3/SET/EAPP/TACC1/PHIP/TCEA1/PRDX5/THRAP3/TAF7/SRSF2/RBBP4/KDM5A/PA2G4/XRCC5/LRRFIP1/NDUFB2/NDUFA13/HSP90AB1/BIRC2/MED4/TCF25/MAPK1/HNRNPD
GO:0098827	endoplasmic reticulum subcompartment	0.026329702199215477	RHOA/UFD1/CANX/ATP6AP2/HERPUD1/WDR83OS/MGST3/CALR/ANXA7/TMED5/SELENOT/ELOVL5/RAB2A/SERINC1/SSR4/GALNT1/UBXN1/PJA2/TRAM1/CD74/RTN4/RAC2/SPCS2/COPE/PPP1R15A/PDIA6/UBA52/VAPA/KDELR2/SELENOK/SEC61G/ACSL4/RHEB/SEC62/HSP90B1/HLA-DRB1/RAC1/SPCS3/SELENOS/TMBIM6/SDCBP/ABCA1/OSTC/SSR2/CASP4/SSR3/TMEM258/ARL6IP1/XBP1/NOTCH2/DSE/SERP1/HLA-DRA/HLA-DPB1/HLA-DPA1/IFNGR2/PDIA3/SEC61B/HSPA5/SEC11A/HLA-DQA1/REEP5/INSIG1/HLA-DQB1/TKT/CYP1B1
GO:0043484	regulation of RNA splicing	0.029162912345924174	HNRNPH1/CLK1/TRA2A/SF1/HNRNPU/NCL/RBM25/YTHDC1/RBM5/MBNL1/TRA2B/SRSF10/CCNL1/SRSF7/SETX/SRSF4/RBM39/THRAP3
GO:0038023	signaling receptor activity	0.029548212584590457	SEC62/TNFRSF1B/HLA-DRB1/SELENOS/ABCA1/SQSTM1/GPR183/PRNP/FCN1/FCER1G/IGSF6/CD300E/IFNAR1/CD47/NOTCH2/ITGB1/CLEC7A/OGFRL1/HLA-DRA/HLA-DPA1/ITGAX/IFNGR2/AHR/HLA-DQA1/HLA-DQB1
GO:0060089	molecular transducer activity	0.029548212584590457	SEC62/TNFRSF1B/HLA-DRB1/SELENOS/ABCA1/SQSTM1/GPR183/PRNP/FCN1/FCER1G/IGSF6/CD300E/IFNAR1/CD47/NOTCH2/ITGB1/CLEC7A/OGFRL1/HLA-DRA/HLA-DPA1/ITGAX/IFNGR2/AHR/HLA-DQA1/HLA-DQB1
GO:0008270	zinc ion binding	0.0313623578775407	MT2A/RNF19A/TNFAIP3/KAT6A/NR3C1/SF1/PRDM2/CYLD/TES/ISCU/CHD4/CRIP1/TRIM44/TRIM38/S100A8/SRSF7/KPNB1/SOD1/TET2/USP3/TCEA1/KDM5A/TUT7/BIRC2/LITAF/USP16/EP300/ZMAT2/CLIP1
GO:0032102	negative regulation of response to external stimulus	0.0333442461941398	PARP14/FYN/IFI16/TNFAIP3/PTPRC/ADAR/NLRP3/ASH1L/PTGER4/PLAUR/CYLD/HLA-F/USP15/HLA-A/TRIM38/IRAK3/IL10RA/GPS2/SOD1
GO:0018130	heterocycle biosynthetic process	0.0333442461941398	PDCD4/EZR/FOXP1/PARP14/IFI16/TNFAIP3/IRF1/N4BP2L2/ATRX/KAT6A/AGO2/TLE5/NR3C1/MPHOSPH8/KMT2E/PRMT2/GOLGB1/SF1/CHD1/NLRP3/ASH1L/ARID4B/CIB1/HNRNPU/SMARCE1/PRDM2/CYLD/NCL/CHD2/NDUFS6/HMGB1/PPP3CA/PHF3/BDP1/KLF6/CREBRF/USP15/PPP1R12A/TXNIP/HINT1/CHD4/NFAT5/BCLAF1/NSD3/KDM6B/GPBP1/TERF2IP/CTNNB1/BPTF/NAMPT/DHX36/SLTM/TRIM44/RESF1/ILF3/CFLAR/TRIM38/GTF3A/NUCKS1/SRSF10/MIER1/IRAK3/TMSB4X/KMT2C/CIR1/EID1/TPR/LCOR/SMARCA5/NFKBIZ/CNOT2/HIF1A/CCNL1/S100A8/GPS2/PRKAG2/G3BP2/DDX39B/ZNF644/EWSR1/PHF20L1/SLC11A1/SPEN/TET2/SETX/POU2F2/HMGN1/USP3/HP1BP3/SET/EAPP/TACC1/PHIP/TCEA1/PRDX5/THRAP3/TAF7/SRSF2/RBBP4/KDM5A/PA2G4/XRCC5/LRRFIP1/NDUFB2/NDUFA13/HSP90AB1/BIRC2/MED4/TCF25/MAPK1/HNRNPD
GO:0019438	aromatic compound biosynthetic process	0.0333442461941398	PDCD4/EZR/FOXP1/PARP14/IFI16/TNFAIP3/IRF1/N4BP2L2/ATRX/KAT6A/AGO2/TLE5/NR3C1/MPHOSPH8/KMT2E/PRMT2/GOLGB1/SF1/CHD1/NLRP3/ASH1L/ARID4B/CIB1/HNRNPU/SMARCE1/PRDM2/CYLD/NCL/CHD2/NDUFS6/HMGB1/PPP3CA/PHF3/BDP1/KLF6/CREBRF/USP15/PPP1R12A/TXNIP/HINT1/CHD4/NFAT5/BCLAF1/NSD3/KDM6B/GPBP1/TERF2IP/CTNNB1/BPTF/NAMPT/DHX36/SLTM/TRIM44/RESF1/ILF3/CFLAR/TRIM38/GTF3A/NUCKS1/SRSF10/MIER1/IRAK3/TMSB4X/KMT2C/CIR1/EID1/TPR/LCOR/SMARCA5/NFKBIZ/CNOT2/HIF1A/CCNL1/S100A8/GPS2/PRKAG2/G3BP2/DDX39B/ZNF644/EWSR1/PHF20L1/SLC11A1/SPEN/TET2/SETX/POU2F2/HMGN1/USP3/HP1BP3/SET/EAPP/TACC1/PHIP/TCEA1/PRDX5/THRAP3/TAF7/SRSF2/RBBP4/KDM5A/PA2G4/XRCC5/LRRFIP1/NDUFB2/NDUFA13/HSP90AB1/BIRC2/MED4/TCF25/MAPK1/HNRNPD
GO:0018193	peptidyl-amino acid modification	0.03497937298829969	STK4/PARP14/FYN/CLK1/NKTR/PTPRC/ASH1L/NCL/BRAF/ADAM17/HINT1/HIPK1/RANBP2/CTNNB1/TRIM38/CALM3/SMARCA5/S100A8/PTGS2/SMG1/PDCD10/FKBP1A/PRKAG2/PHF20L1/SET/BLOC1S1/ROCK1/PAK2
GO:0051253	negative regulation of RNA metabolic process	0.03497937298829969	PDCD4/EZR/FOXP1/PARP14/IFI16/IRF1/N4BP2L2/KAT6A/TLE5/NR3C1/MPHOSPH8/PRMT2/SF1/ARID4B/HNRNPU/SMARCE1/PRDM2/HMGB1/TXNIP/CHD4/BCLAF1/CTNNB1/BPTF/DHX36/RESF1/ILF3/SRSF10/MIER1/CIR1/EID1/TPR/LCOR/SMARCA5/CNOT2/HIF1A/GPS2/SRSF7/SLC11A1/SPEN/USP3/SET/EAPP/SRSF4/PRDX5/THRAP3/TAF7/SRSF2/RBBP4/KDM5A/PA2G4/XRCC5/LRRFIP1
GO:0031974	membrane-enclosed lumen	0.03497937298829969	STK4/EZR/FOXP1/GCC2/PPP2R5C/HNRNPH1/IFI16/IRF1/ATRX/KAT6A/ARGLU1/TRA2A/SMCHD1/IK/AGO2/NR3C1/MPHOSPH8/KMT2E/ADAR/C9orf78/ANKRD12/BIRC3/PRMT2/SF1/CHD1/ASH1L/ANKRD11/ABCF1/ARID4B/DDX24/MCL1/PLAUR/GBP2/CIB1/HNRNPU/SMAP2/SMARCE1/PRDM2/GOLGA4/NCL/VMP1/PNISR/RBM25/ZRANB2/PNN/DDX46/PRPF4B/PSME2/HMGB1/STK17B/YTHDC1/SCAF11/PPP3CA/BDP1/RBM5/KLF6/ISCU/CREBRF/USP15/ADAM17/PPP1R12A/SRSF11/HINT1/MBNL1/SREK1/CHD4/HIPK1/RANBP2/NFAT5/FNBP4/TRA2B/BCLAF1/NSD3/LIMD2/KDM6B/TERF2IP/CTNNB1/BPTF/NAMPT/DHX36/BOD1L1/PPP1CB/SLTM/IDS/ILF3/TRIM38/GTF3A/HSPD1/NUCKS1/SYAP1/SRSF10/ARPP19/MIER1/RGS2/TMSB4X/KMT2C/CIR1/EID1/TPR/HNRNPUL1/LCOR/SMARCA5/ANAPC16/NFKBIZ/CNOT2/HIF1A/POMP/CCNL1/U2SURP/S100A8/PTGS2/PPM1G/SMG1/GPS2/PRKAG2/DDX39B/SRSF7/KPNB1/EWSR1/PHF20L1/TGOLN2/SOD1/SPEN/TET2/SETX/POU2F2/HMGN1/CAP1/USP3/HP1BP3/ZNF207/GLS/SET/EAPP/SRSF4/TRIP12/STAG2/SRRM2/DDX18/CERT1/TCEA1/BLOC1S1/ROCK1/PPP4R3A/RBM39/PRDX5
GO:0043233	organelle lumen	0.03497937298829969	STK4/EZR/FOXP1/GCC2/PPP2R5C/HNRNPH1/IFI16/IRF1/ATRX/KAT6A/ARGLU1/TRA2A/SMCHD1/IK/AGO2/NR3C1/MPHOSPH8/KMT2E/ADAR/C9orf78/ANKRD12/BIRC3/PRMT2/SF1/CHD1/ASH1L/ANKRD11/ABCF1/ARID4B/DDX24/MCL1/PLAUR/GBP2/CIB1/HNRNPU/SMAP2/SMARCE1/PRDM2/GOLGA4/NCL/VMP1/PNISR/RBM25/ZRANB2/PNN/DDX46/PRPF4B/PSME2/HMGB1/STK17B/YTHDC1/SCAF11/PPP3CA/BDP1/RBM5/KLF6/ISCU/CREBRF/USP15/ADAM17/PPP1R12A/SRSF11/HINT1/MBNL1/SREK1/CHD4/HIPK1/RANBP2/NFAT5/FNBP4/TRA2B/BCLAF1/NSD3/LIMD2/KDM6B/TERF2IP/CTNNB1/BPTF/NAMPT/DHX36/BOD1L1/PPP1CB/SLTM/IDS/ILF3/TRIM38/GTF3A/HSPD1/NUCKS1/SYAP1/SRSF10/ARPP19/MIER1/RGS2/TMSB4X/KMT2C/CIR1/EID1/TPR/HNRNPUL1/LCOR/SMARCA5/ANAPC16/NFKBIZ/CNOT2/HIF1A/POMP/CCNL1/U2SURP/S100A8/PTGS2/PPM1G/SMG1/GPS2/PRKAG2/DDX39B/SRSF7/KPNB1/EWSR1/PHF20L1/TGOLN2/SOD1/SPEN/TET2/SETX/POU2F2/HMGN1/CAP1/USP3/HP1BP3/ZNF207/GLS/SET/EAPP/SRSF4/TRIP12/STAG2/SRRM2/DDX18/CERT1/TCEA1/BLOC1S1/ROCK1/PPP4R3A/RBM39/PRDX5
GO:0070013	intracellular organelle lumen	0.03497937298829969	STK4/EZR/FOXP1/GCC2/PPP2R5C/HNRNPH1/IFI16/IRF1/ATRX/KAT6A/ARGLU1/TRA2A/SMCHD1/IK/AGO2/NR3C1/MPHOSPH8/KMT2E/ADAR/C9orf78/ANKRD12/BIRC3/PRMT2/SF1/CHD1/ASH1L/ANKRD11/ABCF1/ARID4B/DDX24/MCL1/PLAUR/GBP2/CIB1/HNRNPU/SMAP2/SMARCE1/PRDM2/GOLGA4/NCL/VMP1/PNISR/RBM25/ZRANB2/PNN/DDX46/PRPF4B/PSME2/HMGB1/STK17B/YTHDC1/SCAF11/PPP3CA/BDP1/RBM5/KLF6/ISCU/CREBRF/USP15/ADAM17/PPP1R12A/SRSF11/HINT1/MBNL1/SREK1/CHD4/HIPK1/RANBP2/NFAT5/FNBP4/TRA2B/BCLAF1/NSD3/LIMD2/KDM6B/TERF2IP/CTNNB1/BPTF/NAMPT/DHX36/BOD1L1/PPP1CB/SLTM/IDS/ILF3/TRIM38/GTF3A/HSPD1/NUCKS1/SYAP1/SRSF10/ARPP19/MIER1/RGS2/TMSB4X/KMT2C/CIR1/EID1/TPR/HNRNPUL1/LCOR/SMARCA5/ANAPC16/NFKBIZ/CNOT2/HIF1A/POMP/CCNL1/U2SURP/S100A8/PTGS2/PPM1G/SMG1/GPS2/PRKAG2/DDX39B/SRSF7/KPNB1/EWSR1/PHF20L1/TGOLN2/SOD1/SPEN/TET2/SETX/POU2F2/HMGN1/CAP1/USP3/HP1BP3/ZNF207/GLS/SET/EAPP/SRSF4/TRIP12/STAG2/SRRM2/DDX18/CERT1/TCEA1/BLOC1S1/ROCK1/PPP4R3A/RBM39/PRDX5
GO:0019222	regulation of metabolic process	0.03562664471028882	PDCD4/STK4/RNF19A/EZR/FOXP1/PARP14/HNRNPH1/FYN/IFI16/TNFAIP3/IRF1/CLK1/N4BP2L2/LCP2/ATRX/KAT6A/PTPRC/SLC25A37/TRA2A/PDE4B/SMCHD1/AGO2/TLE5/NR3C1/MPHOSPH8/KMT2E/ADAR/BIRC3/PRMT2/GOLGB1/EIF5B/SF1/CHD1/NLRP3/ASH1L/PTGER4/ARID4B/MCL1/PLAUR/DDX6/CIB1/HNRNPU/SMARCE1/PRDM2/CYLD/MBP/NCL/CHD2/RBM25/PSME2/HMGB1/PABPC4/YTHDC1/ANKLE2/PPP3CA/RBM5/HLA-F/KLF6/ISCU/CREBRF/BRAF/ADAM17/PPP1R12A/TXNIP/HINT1/MBNL1/CHD4/TAPBP/RANBP2/NFAT5/TRA2B/BCLAF1/NSD3/KDM6B/G0S2/GPBP1/TERF2IP/CTNNB1/BPTF/CRIP1/NAMPT/DHX36/HLA-A/PPP1CB/SLTM/TRIM44/RESF1/USP8/ILF3/CFLAR/TRIM38/CALM3/HSPD1/NUCKS1/SYAP1/SRSF10/ARPP19/MIER1/IRAK3/RGS2/TMSB4X/KMT2C/CIR1/EID1/TPR/LCOR/SMARCA5/NFKBIZ/CNOT2/HIF1A/CCNL1/IL10RA/S100A8/PTGS2/NIBAN1/SMG1/GPS2/PDCD10/FKBP1A/PRKAG2/CDC37/G3BP2/DDX39B/SRSF7/ZNF644/EWSR1/PHF20L1/SLC11A1/SOD1/SPEN/TET2/SETX/POU2F2/EIF4A2/HMGN1/USP3/HP1BP3/SET/EAPP/PMAIP1/SRSF4/TACC1/TRIP12/PHIP/TCEA1/ROCK1/RBM39/PRDX5/PAK2/CXCR4/THRAP3/CD83/TAOK3/TAF7/SRSF2/KRAS/RBBP4/KDM5A/TUT7/RAB8A/DYNLL1/PA2G4/ARL6IP5/XRCC5/LRRFIP1/B2M/ATG12/DYNC1H1/NDUFA13/HSP90AB1/BIRC2/MED4/CALM1/MYH9/TCF25/MAPK1/HNRNPD/SKP1/DNAJA1/ATP6V0E1/PSME1/MAP2K3/FUS/ZFP36L1/LITAF/TRMT112/USP16/YY1
GO:0031349	positive regulation of defense response	0.03655238349533378	NKG7/PDCD4/FYN/IFI16/TNFAIP3/IRF1/BIRC3/NLRP3/PTGER4/GBP2/CYLD/HMGB1/HLA-F/USP15/HSPD1/IRAK3/NFKBIZ/S100A8/PTGS2/GPS2
GO:0002757	immune response-activating signaling pathway	0.036727270268625635	EZR/FOXP1/FYN/TNFAIP3/IRF1/LCP2/PTPRC/PDE4B/BIRC3/NLRP3/GBP2/CYLD/HMGB1/BRAF/USP15/HLA-A/HSPD1/IRAK3/NFKBIZ/GPS2
GO:0002764	immune response-regulating signaling pathway	0.036727270268625635	EZR/FOXP1/FYN/TNFAIP3/IRF1/LCP2/PTPRC/PDE4B/BIRC3/NLRP3/GBP2/CYLD/HMGB1/BRAF/USP15/HLA-A/HSPD1/IRAK3/NFKBIZ/GPS2
GO:0098609	cell-cell adhesion	0.036727270268625635	ANXA2/RUNX1/LGALS1/PRNP/ACTG1/TNIP1/CLIC1/FXYD5/S100A11/CD55/IL1B/HLA-DMA/XBP1/CD47/ITGB1/HLA-DRA/HLA-DPB1/HLA-DPA1/ITGAX/PNP/PDIA3/IL1RN/CSTA/NINJ1/HLA-DQA1/HLA-DQB1/ANXA1/LGALS3/LIMS1/RGCC/SPI1/MAP3K8/OLR1/CYP1B1
GO:0006508	proteolysis	0.036727270268625635	HSP90B1/LACTB/CASP1/TNFRSF1B/IGBP1/SPCS3/SELENOS/ANXA2/SDCBP/SQSTM1/RUNX1/PRNP/CASP4/SH3BGRL/SERPINA1/FCN1/UBE2A/SERPINB9/TNIP1/PDCD6IP/DNAJC3/ARL6IP1/EIF3F/RNF144B/PTEN/UBE2R2/CAPN2/IL1B/XBP1/PSMA6/CLEC7A/CARD16/EIF3H/SEC61B/OTUD1/DDIT3/CSTA/GAPDH/USP12/CST3/RACK1/HSPA5/CSTB/BID/SERPINB1/SEC11A/THBS1/S100A10/SDF2L1/MAFB/TIMP1/CTSL/CFD/OLR1
GO:0051173	positive regulation of nitrogen compound metabolic process	0.03746856597794298	STK4/RNF19A/EZR/PARP14/FYN/IFI16/TNFAIP3/IRF1/LCP2/ATRX/KAT6A/PTPRC/SLC25A37/TRA2A/SMCHD1/AGO2/NR3C1/KMT2E/BIRC3/PRMT2/NLRP3/ASH1L/ARID4B/PLAUR/CIB1/HNRNPU/SMARCE1/PRDM2/MBP/NCL/PSME2/HMGB1/ANKLE2/PPP3CA/KLF6/CREBRF/BRAF/ADAM17/PPP1R12A/CHD4/NFAT5/TRA2B/BCLAF1/NSD3/KDM6B/GPBP1/TERF2IP/CTNNB1/BPTF/NAMPT/DHX36/TRIM44/USP8/ILF3/TRIM38/CALM3/HSPD1/NUCKS1/SYAP1/TMSB4X/KMT2C/SMARCA5/NFKBIZ/CNOT2/HIF1A/S100A8/PTGS2/NIBAN1/GPS2/PDCD10/PRKAG2/DDX39B/SLC11A1/TET2/SETX/POU2F2/HMGN1/EAPP/PMAIP1/TACC1/PHIP/TCEA1/ROCK1/PAK2/THRAP3/TAOK3/TAF7/KRAS/RBBP4/KDM5A/TUT7/ARL6IP5/XRCC5/NDUFA13/HSP90AB1/BIRC2/MED4/CALM1/MYH9/MAPK1/HNRNPD/SKP1/PSME1/MAP2K3/FUS/ZFP36L1/LITAF/TRMT112/USP16/YY1
GO:0045934	negative regulation of nucleobase-containing compound metabolic process	0.03792425919830844	PDCD4/EZR/FOXP1/PARP14/IFI16/IRF1/N4BP2L2/KAT6A/SMCHD1/TLE5/NR3C1/MPHOSPH8/PRMT2/SF1/ARID4B/HNRNPU/SMARCE1/PRDM2/HMGB1/TXNIP/CHD4/BCLAF1/TERF2IP/CTNNB1/BPTF/DHX36/RESF1/ILF3/SRSF10/MIER1/CIR1/EID1/TPR/LCOR/SMARCA5/CNOT2/HIF1A/GPS2/SRSF7/SLC11A1/SPEN/USP3/SET/EAPP/SRSF4/PRDX5/THRAP3/TAF7/SRSF2/RBBP4/KDM5A/PA2G4/XRCC5/LRRFIP1
GO:0140110	transcription regulator activity	0.038818051349987386	FOXP1/PARP14/IRF1/N4BP2L2/KAT6A/TLE5/NR3C1/KMT2E/PRMT2/SF1/HNRNPU/SMARCE1/PRDM2/HMGB1/KLF6/CREBRF/CHD4/NFAT5/BCLAF1/GPBP1/CTNNB1/TRIM38/NUCKS1/MIER1/KMT2C/CIR1/EID1/LCOR/NFKBIZ/CNOT2/HIF1A/GPS2/ZNF644/EWSR1/SPEN/POU2F2/TACC1/THRAP3/SRSF2/KDM5A/PA2G4/LRRFIP1/BIRC2/MED4/TCF25/FUS/LITAF/USP16/YY1/SP3/EP300/MED10/DDX17/FOSB
GO:1901362	organic cyclic compound biosynthetic process	0.03950482432186419	PDCD4/EZR/FOXP1/PARP14/IFI16/TNFAIP3/IRF1/N4BP2L2/ATRX/KAT6A/AGO2/TLE5/NR3C1/MPHOSPH8/KMT2E/PRMT2/GOLGB1/SF1/CHD1/NLRP3/ASH1L/ARID4B/CIB1/HNRNPU/SMARCE1/PRDM2/CYLD/NCL/CHD2/NDUFS6/HMGB1/PPP3CA/PHF3/BDP1/KLF6/CREBRF/USP15/PPP1R12A/TXNIP/HINT1/CHD4/NFAT5/BCLAF1/NSD3/KDM6B/GPBP1/TERF2IP/CTNNB1/BPTF/NAMPT/DHX36/SLTM/TRIM44/RESF1/ILF3/CFLAR/TRIM38/GTF3A/NUCKS1/SRSF10/MIER1/IRAK3/TMSB4X/KMT2C/CIR1/EID1/TPR/LCOR/SMARCA5/NFKBIZ/CNOT2/HIF1A/CCNL1/S100A8/GPS2/PRKAG2/G3BP2/DDX39B/ZNF644/EWSR1/PHF20L1/SLC11A1/SOD1/SPEN/TET2/SETX/POU2F2/HMGN1/USP3/HP1BP3/SET/EAPP/TACC1/PHIP
GO:0031984	organelle subcompartment	0.03952491624158643	CANX/ATP6AP2/HERPUD1/WDR83OS/MGST3/CALR/CSGALNACT2/ANXA7/TMED5/SELENOT/CLTC/ELOVL5/RAB2A/SERINC1/SSR4/GALNT1/UBXN1/PJA2/TRAM1/CD74/RTN4/RAC2/ASAP1/CLTA/SPCS2/COPE/PPP1R15A/PDIA6/UBA52/VAPA/KDELR2/SELENOK/SEC61G/ACSL4/RHEB/SEC62/HSP90B1/HLA-DRB1/RAC1/SPCS3/SELENOS/TMBIM6/SDCBP/ABCA1/OSTC/SSR2/CASP4/SSR3/TMEM258/ARL6IP1/DENND5A/XBP1/NOTCH2/DSE/SERP1/HLA-DRA/HLA-DPB1/HLA-DPA1/IFNGR2/PDIA3/SEC61B/AP1S2/HSPA5/SEC11A/HLA-DQA1/REEP5/INSIG1/HLA-DQB1/TKT/MS4A7/CYP1B1
GO:0010629	negative regulation of gene expression	0.04001809930663686	PDCD4/EZR/FOXP1/PARP14/FYN/IFI16/TNFAIP3/ATRX/PTPRC/SMCHD1/AGO2/TLE5/MPHOSPH8/ADAR/NLRP3/PTGER4/DDX6/HNRNPU/CYLD/NCL/HMGB1/PABPC4/PPP3CA/HLA-F/CHD4/CTNNB1/DHX36/RESF1/ILF3/SRSF10/IRAK3/RGS2/TMSB4X/TPR/SMARCA5/CNOT2/HIF1A/SMG1/PDCD10/SRSF7/SLC11A1
GO:0005524	ATP binding	0.04010097161364069	STK4/FYN/CLK1/ATRX/SMCHD1/CHD1/NLRP3/ABCF1/DDX24/DDX6/HNRNPU/CHD2/DDX46/PRPF4B/STK17B/BRAF/CHD4/HIPK1/DNAJA2/DHX36/HSPD1/MAP4K4/IRAK3/SMARCA5/SMG1/PRKAG2/DDX39B/STK10/SETX/EIF4A2/DDX18/ROCK1/PAK2/THRAP3/TAOK3/XRCC5/DYNC1H1/NDUFA13/HSP90AB1/MYH9/MAPK1/DNAJA1/MAP2K3/GUK1/AAK1/DDX3X/DDX17
GO:0048584	positive regulation of response to stimulus	0.040308921279986344	NKG7/PDCD4/STK4/EZR/FOXP1/PARP14/FYN/IFI16/TNFAIP3/IRF1/LCP2/PTPRC/PDE4B/SMCHD1/BIRC3/NLRP3/PTGER4/MACF1/MCL1/PLAUR/CCL3L1/GBP2/CIB1/SMARCE1/CYLD/USP34/HMGB1/PPP3CA/HLA-F/BRAF/USP15/ADAM17/HINT1/NFAT5/BCLAF1/G0S2/TERF2IP/CTNNB1/DHX36/HLA-A/TRIM44/USP8/CFLAR/TRIM38/HSPD1/NUCKS1/MIER1/MAP4K4/IRAK3/TMSB4X/TPR/NFKBIZ/HIF1A/IL10RA/S100A8/PTGS2/GPS2/PDCD10/FKBP1A
GO:0032559	adenyl ribonucleotide binding	0.040467250730079264	STK4/FYN/CLK1/ATRX/PDE4B/SMCHD1/CHD1/NLRP3/ABCF1/DDX24/DDX6/HNRNPU/CHD2/DDX46/PRPF4B/STK17B/BRAF/CHD4/HIPK1/DNAJA2/DHX36/HSPD1/MAP4K4/IRAK3/SMARCA5/SMG1/PRKAG2/DDX39B/STK10/SETX/EIF4A2/DDX18/ROCK1/PAK2/THRAP3/TAOK3/XRCC5/DYNC1H1/NDUFA13/HSP90AB1/MYH9/MAPK1/DNAJA1/MAP2K3/GUK1/AAK1/DDX3X/DDX17
GO:0050684	regulation of mRNA processing	0.04308649025953424	TRA2A/SF1/HNRNPU/NCL/RBM25/YTHDC1/RBM5/TRA2B/DHX36/SLTM/SRSF10/SRSF7/SRSF4/RBM39/THRAP3
GO:0016020	membrane	0.045276325616131444	SSR4/RAP1B/ETS2/GALNT1/P4HB/ZFYVE16/NDUFA6/IFNAR2/ITGA5/EEF1G/EIF4G2/MYADM/UBXN1/PJA2/MAP1LC3B/TRAM1/S100A12/CHMP4B/TMEM123/RNH1/CNOT1/GRB2/RGS10/CD74/LYN/RAP2B/ARF1/RTN4/KRT10/GSTK1/PCBP2/RAC2/CD58/FOXO3/ASAP1/CLTA/RAB5C/WDR1/CDC42EP3/PSAP/PPIA/RSL1D1/LDHA/SPCS2/ENO1/COPE/COX4I1/UQCRH/CSF3R/PPP1R15A/PLEC/GLIPR1/APLP2/SH3BGRL3/LAPTM5/ERP29/RAB5A/PDIA6/PSMD7/UBA52/CD37/DNAJB11/BRI3/VAPA/UBE2B/UQCRB/EEF2/SMIM26/RAN/KDELR2/PIK3AP1/SELENOK/GABARAP/SEC61G/ACSL4/CCDC88A/RHEB/YBX1/SEC62/HSP90B1/UQCRFS1/ATP6V0B/CASP1/MARCKS/TNFRSF1B/EIF3D/HLA-DRB1/PPIF/RAC1/SPCS3/SELENOS/TYROBP/TMBIM6/NCOR2/RNASEK/ANXA2/SDCBP/RHOQ/CD48/EIF3K/ABCA1/SRA1/OSTC/SSR2/EEF1A1/TOMM20/GPR183/PRNP/S100A6/CASP4/CCNI/SMDT1/SH3BGRL/SSR3/ACTG1/EREG/TMEM258/YWHAQ/SERPINA1/EVI2B/FCN1/FCER1G/MCUB/ACBD3/SERPINB9/IGSF6/NDUFB9/BZW1/PDCD6IP/GADD45GIP1/CLIC1/DNAJC3/ARL6IP1/EIF3F/CD300E/FXYD5/RNF144B/DENND5A/PTEN/MYO9B/ARF4/COX7A2L/CD55/CAPN2/EMP3/IFNAR1/SLC6A6/PPIB/EIF4A1/HLA-DMA/ARPC3/HIGD2A/XBP1/CD47/ATP5MC2/NOTCH2/VDAC2/BLOC1S2/ITGB1/DSE/SLC25A5/BASP1/CLEC7A/SLC3A2/SERP1/ETV6/OGFRL1/HLA-DRA/RIT1/HCST/HLA-DPB1/HLA-DPA1/ANXA5/ITGAX/GNG5/EIF3L/IFNGR2/ARL8B/EIF3H/PDIA3/SEC61B/IL1RN/STK24/CSTA/GAPDH/AP1S2/NCF2/IER3/AQP9/EIF3E/CST3/RACK1/NINJ1/HSPA5/BID/SLC25A6/BNIP3L/CD63/SERPINB1/ARFGAP3/FTL/C15orf48/CD68/SEC11A/THBS1/VIM/HLA-DQA1/REEP5/INSIG1/HLA-DQB1/ANXA1/S100A10/LGALS3/SDF2L1/LIMS1/ATP6V1F/CTSL/TKT/MS4A7/MPP1/SYNJ2/LMNA/OLR1/CYP1B1/MARCKSL1
GO:1901363	heterocyclic compound binding	0.046124583927722305	PDCD4/STK4/EZR/FOXP1/SEPTIN7/HNRNPH1/FYN/IFI16/TNFAIP3/IRF1/CLK1/ATRX/KAT6A/TRA2A/PRPF38B/PDE4B/SMCHD1/AGO2/NR3C1/ARL4C/ADAR/C9orf78/GOLGB1/EIF5B/SF1/CHD1/NLRP3/ASH1L/ABCF1/ARID4B/DDX24/MACF1/DDX6/GBP2/HNRNPU/SMARCE1/PRDM2/NCL/PNISR/CHD2/RBM25/ZRANB2/PNN/DDX46/PRPF4B/TES/HMGB1/PABPC4/STK17B/YTHDC1/SCAF11/RBM5/KLF6/CREBRF/BRAF/SRSF11/HINT1/MBNL1/SREK1/CHD4/HIPK1/RANBP2/NFAT5/TRA2B/BCLAF1/KDM6B/GPBP1/TERF2IP/BPTF/FAM133B/DNAJA2/DHX36/HLA-A/GNA13/SLTM/ILF3/GTF3A/HSPD1/NUCKS1/SRSF10/MAP4K4/IRAK3/TMSB4X/KMT2C/TPR/HNRNPUL1/LCOR/RBM33/SMARCA5/NFKBIZ/HIF1A/U2SURP/PTGS2/SMG1/FKBP1A/PRKAG2/G3BP2/DDX39B/SRSF7/ZNF644/KPNB1/EWSR1/SPEN/STK10/TET2/SETX/POU2F2/EIF4A2/PRRC2C/HMGN1/USP3/HP1BP3/ZNF207/SET/SRSF4/SRRM2/DDX18/TCEA1/ROCK1/RBM39/PRDX5/PAK2/RSRC2/THRAP3/TAOK3/TAF7/SRSF2/KRAS/RBBP4/KDM5A/TUT7/RAB8A/PA2G4/XRCC5/RAB8B/LRRFIP1/AIMP1/ANKHD1/DYNC1H1/NDUFA13/HSP90AB1/MYH9/TCF25/MAPK1/HNRNPD/DNAJA1/ZC3H15/PPIG/MAP2K3/FUS/ZFP36L1/LITAF/YY1/GUK1/SNRPD3/TBCA/SP3/CORO1A
GO:0050896	response to stimulus	0.04729606185405438	BTG2/TXN/TPT1/CASP1/MARCKS/TNFRSF1B/S100A4/JUNB/IGBP1/HLA-DRB1/NRIP1/PPIF/RAC1/SELENOS/TYROBP/TMBIM6/NCOR2/ANXA2/SDCBP/RHOQ/CD48/CXCL8/ABCA1/SQSTM1/SRA1/PKM/PTPN12/EEF1A1/TOMM20/GPR183/LGALS1/PRNP/S100A6/CASP4/MAPK6/ACTG1/EREG/TMEM258/YWHAQ/SERPINA1/ASAH1/IER2/SAMSN1/FCN1/UBE2A/FCER1G/SERPINB9/TNIP1/IGSF6/CLIC1/DNAJC3/MAML2/APOBEC3A/S100A11/PTEN/MYO9B/JARID2/MAP3K20/CD55/CAPN2/IFNAR1/IL1B/PPIB/HLA-DMA/ARPC3/XBP1/CD47/PSMA6/NOTCH2/VDAC2/BLOC1S2/PFDN5/ITGB1/SLC25A5/CLEC7A/SLC3A2/YBX3/SERP1/FTH1/GAS5/HLA-DRA/RIT1/HCST/HLA-DPB1/HLA-DPA1/ANXA5/ITGAX/CEBPD/GNG5/IFNGR2/CARD16/CXCL2/ARL8B/PNP/PDIA3/SEC61B/IL1RN/AHR/STK24/DDIT3/GAPDH/NCF2/NME2/IER3/AQP9/GPX4/CST3/RACK1/NINJ1/HSPA5/KYNU/BID/PPP1R14B/SLC25A6/BNIP3L/CD63/C15orf48/CD68/TIPARP/THBS1/SOD2/VIM/HLA-DQA1/INSIG1/HLA-DQB1/PLAC8/NPC2/ANXA1/PRDX1/S100A10/LGALS3/SDF2L1/LIMS1/GSTO1/RGCC/SPI1/MAP3K8/MAFB/HMGA1/TIMP1/CTSL/MTSS1/CFD/MS4A7/MPP1/LMNA/OLR1/TXNRD1/CYP1B1/CXCL3
